network,region,type,size,cty,start,end,duration,censored,government,coalition,nodes,edges,density,n_bills_au,n_bills_co,n_sigs_au,n_sigs_co,s_min,s_max,s_med,s_mu,mu_au,mu_co,n_au,n_co,n_both,n_fem,n_new,n_ind,ysio_n,ysio_min,ysio_max,ysio_med,ysio_mu,ysio_cor,born_p,born_min,born_max,born_med,born_mu,constituency_p,constituency_n,pg_n,pg_min,pg_max,pg_med,pg_mu,pg_sd,n_gov,n_opp,pc_n,pc_min,pc_max,pc_med,pc_mu,pc_sd,cc_min,cc_max,cc_med,cc_mu,cc_p,lr_n,lr_min,lr_max,lr_med,lr_mu,lr_sd,raw_min,raw_max,raw_med,raw_mu,nfw_min,nfw_max,nfw_med,nfw_mu,gsw_min,gsw_max,gsw_med,gsw_mu
net_at1994,West,Lower,183,AT,1994,1995,2,0,stable,SPÖ;ÖVP,44,37,0.0195560253699789,163,31,209,77,1,11,1,1.28220858895706,0.704545454545455,1.04545454545455,17,32,5,15,8,0,7,1,25,9,8.54545454545454,-0.570566327138498,100,1932,1958,1944.5,1945.59090909091,100,24,5,2,25,2,8.8,10.2323017938292,38,6,NA,NA,NA,NA,NA,NA,NA,NA,NA,NA,NA,44,2.5,8.3,6.5,5.5,1.53653188465392,1,7,1,1.24324324324324,0.1,7,1,0.837837837837838,0.0909090909090909,1,1,0.643734643734644
net_at1995,West,Lower,183,AT,1995,1999,5,0,stable,SPÖ;ÖVP,67,59,0.0133423790140208,498,123,630,255,1,5,1,1.26506024096386,1.83582089552239,1.97014925373134,38,42,13,17,0,0,10,4,29,9,11.4179104477612,-0.444406686021576,100,1935,1969,1946,1947.98507462687,100,33,5,3,26,7,13.4,11.148990985735,51,16,80,8,49,17,22.1875,11.3171693804065,1,14,5,5.21052631578947,96.6101694915254,67,2.5,8.3,4.9,4.93283582089552,1.63469838379138,1,24,1,2.23728813559322,0.25,24,1,2.08474576271186,0.0357142857142857,1,1,0.742372881355932
net_at1999,West,Lower,183,AT,1999,2002,4,0,mixed,NA,63,73,0.0186891961085509,259,105,381,227,1,4,1,1.47104247104247,1.66666666666667,1.93650793650794,41,42,20,12,0,0,9,3,28,12,10.8253968253968,-0.607283574299812,100,1932,1974,1951,1950.38095238095,100,33,4,5,25,16.5,15.75,10.2428837085396,NA,NA,68,5,50,19,24.2058823529412,13.1643557908824,1,11,5,4.95890410958904,100,63,2.5,8.3,6.5,6.46825396825397,1.91873827804135,1,12,1,1.67123287671233,0.333333333333333,12,1,1.43835616438356,0.0666666666666667,1,0.571428571428571,0.638878016960209
net_at2002,West,Lower,183,AT,2002,2006,5,0,mixed,NA,74,93,0.0172158459829693,270,124,436,290,1,4,1,1.61481481481481,1.67567567567568,2.24324324324324,36,56,18,22,0,0,10,4,36,7,10.5810810810811,-0.520604626274993,100,1938,1974,1954.5,1955.02702702703,100,29,4,9,28,18.5,18.5,8.02080627701064,NA,NA,51,6,54,31,28.6666666666667,13.7908182014943,1,10,4,3.91304347826087,98.9247311827957,74,2.5,8.3,6.5,5.91891891891892,2.06899324837684,1,12,1,1.78494623655914,0.333333333333333,10.8333333333333,1,1.33333333333333,0.0240963855421687,1,0.375,0.477492383327779
net_at2006,West,Lower,183,AT,2006,2008,3,0,stable,SPÖ;ÖVP,51,45,0.0176470588235294,241,40,297,96,1,5,1,1.23236514522822,0.784313725490196,1.09803921568627,22,32,3,16,0,0,12,2,30,9,10.6078431372549,-0.459945039224647,100,1941,1981,1955,1956.21568627451,100,22,5,4,18,6,10.2,6.72309452558864,35,16,45,10,54,37,34.4666666666667,12.5419296760905,1,9,4.5,4.66666666666667,93.3333333333333,51,2.5,8.8,6.5,5.43333333333333,2.09615521053825,1,4,1,1.24444444444444,0.25,4,1,0.888888888888889,0.0769230769230769,1,1,0.671297591297591
net_at2008,West,Lower,183,AT,2008,2013,6,0,stable,SPÖ;ÖVP,83,103,0.015133705553923,395,137,598,340,1,6,1,1.51392405063291,1.65060240963855,2.44578313253012,39,69,25,25,0,0,14,5,31,11,12.7469879518072,-0.481078302363785,100,1943,1981,1959,1959.4578313253,100,28,5,6,30,12,16.6,9.98999499499374,54,29,53,8,72,40,35.1698113207547,14.6848114220843,1,9,5,4.78571428571429,95.1456310679612,83,2.5,8.8,6.5,5.54698795180723,2.15951311977659,1,12,1,1.97087378640777,0.2,10.3333333333333,1,1.33009708737864,0.0252100840336134,1,0.347826086956522,0.483712950726657
net_at2013,West,Lower,183,AT,2013,2018,3,1,stable,SPÖ;ÖVP,60,59,0.0166666666666667,257,53,348,144,1,6,1,1.35408560311284,0.883333333333333,1.51666666666667,26,43,9,15,0,0,9,2,33,9,9.3,-0.52097611552198,100,1949,1987,1964.5,1964.5,100,24,6,5,18,8,10,5.29150262212918,33,27,45,2,40,27,26.5555555555556,8.89472661840495,1,8,3,3.4406779661017,100,60,2.5,8.3,6,5.48833333333333,1.80452272357181,1,6,1,1.54237288135593,0.2,5,0.95,0.898305084745763,0.0816326530612245,1,1,0.680087628271648
net_be_ch1991,West,Lower,150,BE_CH,1991,1995,5,0,stable,CDEM-V;SOC-F;SOC-V;CDEM-F,153,329,0.0141468868249054,400,178,799,577,1,10,1,1.9975,1.16339869281046,2.6078431372549,81,141,69,3,59,0,2,1,4,4,2.84313725490196,-0.334759562890586,100,1928,1964,1947,1946.79738562092,100,10,10,1,29,17.5,15.3,8.20636609251893,77,76,NA,NA,NA,NA,NA,NA,NA,NA,NA,NA,NA,153,2.6,9.7,5.8,5.30261437908497,2.04257151238651,1,6,1,1.21276595744681,0.111111111111111,5,0.333333333333333,0.541033434650456,0.0526315789473684,1,0.428571428571429,0.517229870882852
net_be_ch1995,West,Lower,150,BE_CH,1995,1999,5,0,stable,CDEM-V;SOC-F;SOC-V;CDEM-F,139,379,0.0197581065582317,483,256,996,769,1,10,2,2.06211180124224,1.84172661870504,3.69064748201439,89,135,85,19,85,0,3,1,8,1,3.13669064748201,-0.111009087307709,100,1931,1969,1949,1948.90647482014,100,10,9,5,30,16,15.4444444444444,7.40120110372484,78,61,NA,NA,NA,NA,NA,NA,NA,NA,NA,NA,NA,139,2.6,9.7,5.8,5.37194244604317,2.0225550198345,1,10,1,1.35356200527704,0.111111111111111,9,0.333333333333333,0.675461741424802,0.0198675496688742,1,0.333333333333333,0.480757302250788
net_be_ch1999,West,Lower,150,BE_CH,1999,2003,5,0,stable,LIB-V;SOC-F;LIB-F;SOC-V;ECOLO,150,531,0.023758389261745,533,357,1282,1106,1,10,2,2.40525328330206,2.38,4.99333333333333,107,142,99,36,66,0,4,1,12,5,4.92,-0.342184968549074,100,1932,1975,1953,1952.94666666667,100,10,9,8,22,18,16.6666666666667,4.82182538049648,95,55,NA,NA,NA,NA,NA,NA,NA,NA,NA,NA,NA,150,2.6,9.7,5.8,5.462,2.20854563582086,1,14,1,1.4105461393597,0.111111111111111,11.1666666666667,0.5,0.672316384180791,0.0173410404624277,1,0.230769230769231,0.372839432877932
net_be_ch2003,West,Lower,150,BE_CH,2003,2007,5,0,stable,LIB-V;SOC-F;LIB-F;SOC-V,163,741,0.0280618041354238,724,462,1848,1586,1,10,2,2.5524861878453,2.83435582822086,6.89570552147239,125,158,120,60,79,0,5,1,16,5,5.25766871165644,-0.447561762843172,100,1936,1982,1959,1959.1226993865,100,10,9,2,27,24,18.1111111111111,9.37342579375924,100,63,NA,NA,NA,NA,NA,NA,NA,NA,NA,NA,NA,163,2.6,9.7,5.8,5.69877300613497,2.18784486466921,1,14,1,1.51686909581646,0.111111111111111,6.81666666666667,0.333333333333333,0.623481781376518,0.0236686390532544,1,0.25,0.362722973250176
net_be_ch2007,West,Lower,150,BE_CH,2007,2010,4,0,mixed,NA,173,926,0.031119774163194,694,567,2490,2363,1,10,3,3.58789625360231,3.27745664739884,10.3815028901734,121,170,118,60,76,0,6,1,20,5,6.17341040462428,-0.476948812470354,100,1937,1981,1962,1962.91329479769,100,10,9,3,38,18,19.2222222222222,10.0967541539073,NA,NA,NA,NA,NA,NA,NA,NA,NA,NA,NA,NA,NA,173,2.6,9.7,6.2,5.72254335260116,2.11179148146568,1,16,1,1.93952483801296,0.111111111111111,5.86666666666667,0.333333333333333,0.61231101511879,0.0115874855156431,1,0.209914320685435,0.352166626383839
net_be_ch2010,West,Lower,150,BE_CH,2010,2014,5,0,mixed,NA,165,1000,0.0369549150036955,857,728,3021,2892,1,10,3,3.52508751458576,4.41212121212121,13.1151515151515,134,164,133,66,57,0,7,1,23,4,6.52121212121212,-0.448745567458443,100,1937,1987,1966,1965.24242424242,100,10,10,1,29,14.5,16.5,8.26303683749369,NA,NA,NA,NA,NA,NA,NA,NA,NA,NA,NA,NA,NA,165,2.6,9.7,5.8,5.42,2.0388363491307,1,23,1,2.164,0.111111111111111,12.8333333333333,0.333333333333333,0.728,0.00835654596100279,1,0.25,0.358056978958752
net_be_ch2014,West,Lower,150,BE_CH,2014,2019,2,1,mixed,NA,138,498,0.0263408441764519,457,373,1496,1412,1,10,3,3.27352297592998,2.70289855072464,7.52898550724638,90,136,88,49,64,0,8,1,27,5,6.78260869565217,-0.387366400704044,100,1942,1987,1969,1967.76811594203,100,10,10,2,26,13,13.8,8.16224370024702,NA,NA,35,3,43,31,25.6,13.8843966591363,1,7,2,2.58611825192802,78.1124497991968,138,1.3,9.7,5.8,5.20579710144928,1.89223415303671,1,23,1,2.0863453815261,0.111111111111111,19,0.333333333333333,0.748995983935743,0.0202429149797571,1,0.333333333333333,0.46320595993209
net_be_se1995,West,Upper,60,BE_SE,1995,1999,5,0,stable,CDEM-V;SOC-F;SOC-V;CDEM-F,71,390,0.0784708249496982,502,304,1368,1170,1,16,2,2.72509960159363,4.28169014084507,11.3802816901408,54,70,53,18,NA,0,1,1,1,1,1,NA,78.8732394366197,1925,1964,1945.5,1945.21428571429,0,0,9,2,11,9,7.88888888888889,3.17979733805649,40,31,NA,NA,NA,NA,NA,NA,NA,NA,NA,NA,NA,71,2.6,9.7,5.8,5.32676056338028,2.03897437428575,1,26,1,2.07179487179487,0.111111111111111,12.75,0.333333333333333,0.744102564102564,0,1,0.102499878410583,0.255902018793853
net_be_se1999,West,Upper,60,BE_SE,1999,2003,5,0,stable,LIB-V;SOC-F;LIB-F;SOC-V;ECOLO,77,395,0.0674982911825017,570,259,1232,921,1,10,1,2.16140350877193,3.36363636363636,8.12987012987013,56,76,55,19,52,1,2,1,5,1,2.2987012987013,-0.348128056484971,98.7012987012987,1934,1973,1950,1950.97368421053,0,0,10,1,12,9,7.7,3.83115880351856,50,27,NA,NA,NA,NA,NA,NA,NA,NA,NA,NA,NA,76,2.6,9.7,5.8,5.2,2.16092572755289,1,17,1,1.58481012658228,0.111111111111111,5.75952380952381,0.333333333333333,0.620253164556962,0,1,0.133333333333333,0.266880037542645
net_be_se2003,West,Upper,60,BE_SE,2003,2007,5,0,stable,LIB-V;SOC-F;LIB-F;SOC-V,81,412,0.0635802469135802,1003,481,2013,1491,1,9,1,2.00697906281157,5.90123456790123,11.5925925925926,64,79,62,27,43,1,3,1,9,1,3.5679012345679,-0.338620832884885,98.7654320987654,1939,1977,1954,1954.9625,0,0,9,1,16,10,9,4.9749371855331,51,30,NA,NA,NA,NA,NA,NA,NA,NA,NA,NA,NA,80,2.6,9.7,5.8,5.3925,2.25201878491165,1,34,1,2.27912621359223,0.125,21,0.5,1.10679611650485,0,1,0.115948048025372,0.251368840561412
net_be_se2007,West,Upper,60,BE_SE,2007,2010,4,0,mixed,NA,85,428,0.0599439775910364,951,495,2110,1654,1,9,2,2.21871713985279,5.82352941176471,13.2470588235294,69,82,66,36,40,0,4,1,13,5,4.81176470588235,-0.475090873088947,100,1938,1983,1958,1958.91764705882,0,0,10,1,13,8.5,8.5,4.06201920231798,NA,NA,NA,NA,NA,NA,NA,NA,NA,NA,NA,NA,NA,85,2.6,9.7,5.8,5.48588235294118,2.09569586926887,1,25,1,2.63084112149533,0.125,15.2595238095238,0.5,1.14485981308411,0,1,0.150943396226415,0.265696512517278
net_be_se2010,West,Upper,60,BE_SE,2010,2014,5,0,mixed,NA,82,578,0.0870219813309244,1179,715,2873,2409,1,10,2,2.43681085665818,8.71951219512195,20.0975609756098,71,80,69,33,37,0,5,1,16,4,4.69512195121951,-0.360778541767213,100,1939,1983,1962,1962.21951219512,0,0,9,4,15,8,9.11111111111111,3.55121262544375,NA,NA,NA,NA,NA,NA,NA,NA,NA,NA,NA,NA,NA,82,2.6,9.7,5.8,5.20731707317073,1.98561372095398,1,39,2,2.85121107266436,0.111111111111111,30.6666666666667,0.476190476190476,1.23010380622837,0,1,0.142857142857143,0.276233005007922
net_bg2005,East,Unicameral,240,BG,2005,2009,5,0,stable,KB;NMS;DPS,209,427,0.00982241442767759,692,282,1245,835,1,20,1,1.79913294797688,1.34928229665072,2.64593301435407,117,187,95,49,101,0,2,0,4,4,2.06698564593301,-0.139566677873477,100,1937,1982,1956,1956.64114832536,100,27,7,12,80,18,29.8571428571429,24.5793176704085,148,61,63,1,31,13,13.6666666666667,7.19991039370764,1,4,1,1.435,46.8384074941452,209,2.9,7.9,5.5,4.77177033492823,1.66349875288397,1,30,1,1.29508196721311,0.0526315789473684,30,0.5,0.660421545667447,0.00843881856540084,1,0.403225806451613,0.522937473091711
net_bg2009,East,Unicameral,240,BG,2009,2013,5,0,single,GERB,253,1114,0.0174728652989523,425,306,2314,2195,1,130,3,5.44470588235294,1.20948616600791,7.46640316205534,111,246,104,57,185,0,2,0,4,0,1.07509881422925,-0.341183332172556,100,1939,1985,1963,1963.57312252964,100,27,6,12,131,26.5,42.1666666666667,44.8081093850953,131,122,45,3,39,13,15.5777777777778,9.4471950837005,1,4,1,1.26835443037975,35.4578096947935,253,2.9,8.7,7.4,6.22055335968379,1.80966663874085,1,19,1,1.69569120287253,0.00775193798449612,8.5,0.132478632478632,0.274685816876122,0.0119379228014326,1,0.333333333333333,0.480173480749858
net_bg2013,East,Unicameral,240,BG,2013,2014,2,0,stable,KB;DPS,245,732,0.0122448979591837,190,169,1407,1386,1,96,5,7.40526315789474,0.689795918367347,4.96734693877551,73,244,72,61,150,0,2,0,4,0,1.55102040816327,-0.221435691559128,100,1942,1991,1966,1966.31020408163,100,27,4,23,100,61,61.25,38.395963329496,122,123,45,4,24,13,14.9111111111111,6.98967492488424,1,4,1,1.26694915254237,32.2404371584699,245,2.9,7.4,5.5,5.21673469387755,1.98742087970683,1,15,1,1.66256830601093,0.0105263157894737,2.05555555555556,0.125,0.230874316939891,0.00739827373612824,1,0.298362603324892,0.455769116391303
net_bg2014,East,Unicameral,240,BG,2014,2018,2,1,stable,GERB;KB,245,1256,0.0210103713616594,258,234,2887,2863,1,180,8,11.1899224806202,0.955102040816327,10.730612244898,79,243,77,48,101,0,2,0,4,4,2.35102040816327,-0.152143154281805,100,1942,1991,1968,1966.99183673469,100,27,6,11,87,40.5,40.8333333333333,27.5856242754567,138,107,42,3,22,20,15.5714285714286,6.42078506385605,1,4,1,1.31632653061224,23.4076433121019,245,2.9,7.4,7.4,5.94367346938775,1.86727939847179,1,23,1,2.09315286624204,0.00558659217877095,8.4827380952381,0.1,0.186305732484076,0.00663758771098047,1,0.241379310344828,0.4518351607696
net_ch_cn1995,West,Lower,200,CH_CN,1995,1999,5,0,stable,PSS;PLR;PDC;UDC,219,2084,0.0436512923631184,184,118,3000,2934,1,96,10,16.304347826087,0.538812785388128,12.8401826484018,65,218,64,52,89,0,2,0,4,4,2.37442922374429,-0.29307742260922,100,1926,1974,1945,1945.10502283105,100,25,16,1,61,4.5,13.6875,18.9022705867135,174,45,16,11,46,30.5,29.5625,6.85048660072164,1,3,1,1.16496598639456,28.2149712092131,219,0.5,9.4,4.7,4.66255707762557,2.42318026685432,1,8,1,1.34932821497121,0.0105263157894737,2,0.0357142857142857,0.0565677858661265,0.0571428571428571,1,1,0.730308844558123
net_ch_cn1999,West,Lower,200,CH_CN,1999,2003,5,0,stable,PSS;UDC;PLR;PDC,211,3694,0.083367185736854,190,156,4797,4763,1,116,17,25.2473684210526,0.739336492890995,21.8293838862559,91,211,91,50,88,0,3,0,8,4,3.46919431279621,-0.226539388241015,100,1931,1977,1948,1948.68720379147,100,26,15,1,53,3,14.0666666666667,19.125400711644,176,35,16,3,27,21,20.25,5.96098425877248,1,3,1,1.04695652173913,15.5657823497564,211,0.5,9.4,4.7,4.82369668246445,2.36359443441922,1,7,1,1.24688684353005,0.00869565217391304,1.66666666666667,0.0255284552845528,0.0422005654815617,0.0310518875111623,1,1,0.720395296892205
net_ch_cn2003,West,Lower,200,CH_CN,2003,2007,5,0,stable,UDC;PSS;PLR;PDC,224,3807,0.0762131646380525,251,206,5866,5821,1,121,19,23.3705179282869,0.919642857142857,25.0669642857143,98,224,98,58,79,0,4,0,12,4,4.48214285714286,-0.347341534895483,100,1934,1978,1952,1952.45982142857,100,26,14,1,60,3,16,21.5763403184706,189,35,20,19,38,28,28.55,4.04546529755036,1,4,1,1.22107081174439,30.4176516942474,224,0.5,9.4,4.7,4.74866071428571,2.43356535781078,1,8,1,1.474914630943,0.00833333333333333,2.18333333333333,0.0357142857142857,0.0541108484370896,0.0120819180598121,1,0.640770605735241,0.624944000147084
net_ch_cn2007,West,Lower,200,CH_CN,2007,2011,5,0,mixed,NA,220,4807,0.0997716894977169,344,295,7567,7518,1,116,17,21.9970930232558,1.34090909090909,32.8318181818182,118,220,118,63,70,0,5,0,16,4,5.27272727272727,-0.403174434265593,100,1931,1982,1955,1956.37272727273,100,26,13,1,62,4,16.9230769230769,20.6577731070798,NA,NA,14,16,33,30.5,28.7142857142857,4.51371536249533,1,3,1,1.07824726134585,26.586228416892,220,0.5,8.7,5.55,4.93909090909091,2.42591019324096,1,10,1,1.50260037445392,0.00869565217391304,1.18030303030303,0.0357142857142857,0.0613688371125442,0.0176611285614978,1,0.492307692307692,0.569053881309797
net_ch_cn2011,West,Lower,200,CH_CN,2011,2015,5,0,stable,UDC;PSS;PLR;PDC;PBD,226,3889,0.0764798426745329,269,222,5336,5289,1,116,16,19.8364312267658,0.982300884955752,22.4159292035398,117,226,117,67,88,0,6,0,20,4,5.07964601769912,-0.440837825927218,100,1931,1987,1960,1961.08849557522,100,26,11,1,61,12,20.5454545454545,21.1913361370332,189,37,15,19,35,30,29.1333333333333,4.15531787793265,1,2,1,1.08806818181818,27.1535098997172,226,1.7,8.7,6.25,4.89646017699115,2.42307166688308,1,9,1,1.30264849575726,0.00869565217391304,0.759523809523809,0.0344827586206897,0.0570689576936457,0.0315944034699836,1,0.681684622918707,0.634771822465031
net_ch_cs1995,West,Upper,46,CH_CS,1995,1999,5,0,stable,PSS;PLR;PDC;UDC,51,150,0.0588235294117647,21,15,247,241,1,38,8,11.7619047619048,0.294117647058824,4.43137254901961,10,51,10,8,19,0,2,0,4,4,2.50980392156863,-0.275914899540677,100,1930,1954,1942,1941.74509803922,100,26,6,1,20,6,8.5,7.76530746332687,48,3,15,8,23,16,15.6666666666667,3.63841933236058,1,5,2,1.90625,85.3333333333333,51,1.8,7.4,6.3,5.48823529411765,1.60045581742496,1,3,1,1.50666666666667,0.027027027027027,1,0.0769230769230769,0.1,0.20695652173913,1,1,0.802546097903561
net_ch_cs1999,West,Upper,46,CH_CS,1999,2003,5,0,stable,PSS;UDC;PLR;PDC,48,297,0.131648936170213,27,23,391,387,1,32,16,14.4814814814815,0.479166666666667,7.58333333333333,17,48,17,9,22,0,3,0,8,4,3,0.0499768775405155,100,1936,1957,1944.5,1945.77083333333,100,26,4,6,18,12,12,5.47722557505166,48,0,16,3,16,11.5,10.9375,3.45386257205852,1,4,1,1.3979057591623,64.3097643097643,48,1.8,7.4,6.3,5.44375,1.69854834766683,1,4,1,1.22558922558923,0.032258064516129,1.05263157894737,0.0526315789473684,0.0774410774410774,0.0431654676258993,1,1,0.807252997364438
net_ch_cs2003,West,Upper,46,CH_CS,2003,2007,5,0,stable,UDC;PSS;PLR;PDC,47,274,0.126734505087882,35,27,355,347,1,29,8,10.1428571428571,0.574468085106383,6.80851063829787,20,47,20,11,10,0,4,0,12,4,5.4468085106383,-0.319434085587832,100,1936,1972,1946,1948.25531914894,100,26,4,8,15,12,11.75,3.30403793359983,47,0,18,5,16,14,13.2777777777778,2.58515116307494,1,6,1,1.76388888888889,78.8321167883212,47,1.8,7.4,4.7,5.01914893617021,1.94194415111029,1,2,1,1.16788321167883,0.0357142857142857,1,0.0625,0.0985401459854015,0.157894736842105,1,1,0.859533656145419
net_ch_cs2007,West,Upper,46,CH_CS,2007,2011,5,0,mixed,NA,50,167,0.0681632653061224,28,20,216,208,1,31,6,7.71428571428571,0.4,3.76,15,50,15,9,22,0,5,0,16,4,5.36,-0.484100131647173,100,1942,1979,1952,1952.16,100,26,8,1,14,4.5,6.25,5.49675228787743,NA,NA,14,5,17,15,14,3.08843998459765,1,5,1,1.62698412698413,75.4491017964072,50,1.7,7.4,4.7,4.794,2.04204879111791,1,2,1,1.12574850299401,0.0333333333333333,1,0.1,0.119760479041916,0.166666666666667,1,1,0.745298875932346
net_ch_cs2011,West,Upper,46,CH_CS,2011,2015,5,0,stable,UDC;PSS;PLR;PDC;PBD,44,114,0.0602536997885835,25,12,144,131,1,26,1,5.76,0.272727272727273,2.70454545454545,11,44,11,8,17,1,6,0,20,4,4.18181818181818,-0.312811800310714,100,1945,1979,1956,1956.52272727273,100,26,8,1,12,3.5,5.5,5.04267502706365,40,4,13,9,16,13,12.6153846153846,1.66024403519792,1,3,1,1.45238095238095,73.6842105263158,43,1.7,7.4,4.7,4.74418604651163,2.06285774104776,1,2,1,1.04385964912281,0.04,0.5,0.0666666666666667,0.105263157894737,0.285714285714286,1,1,0.898496240601504
net_cz_po1996,East,Lower,200,CZ_PO,1996,1998,3,0,stable,ODS;KDU;ODA,184,655,0.0194523639819435,174,172,2234,2232,1,79,6,12.8390804597701,0.934782608695652,11.195652173913,40,181,37,30,124,0,2,0,5,0,1.6304347826087,-0.0270803977854493,100,1929,1974,1951,1951.53260869565,100,8,6,13,61,20,30.6666666666667,20.7525098883645,83,101,14,10,34,20,20.2142857142857,6.33887361297878,1,2,1,1.12587412587413,21.8320610687023,184,0.7,9.8,5.8,5.20597826086957,2.79654687920876,2,30,2,3.14503816793893,0.0256410256410256,8.66666666666667,0.0645161290322581,0.262595419847328,0.04,1,1,0.785706120371907
net_cz_po1998,East,Lower,200,CZ_PO,1998,2002,5,0,stable,CSSD;ODS,204,1414,0.0341446923597025,494,494,4450,4450,2,86,5,9.0080971659919,2.42156862745098,19.343137254902,99,204,99,32,95,0,4,0,8,3,2.51960784313725,-0.10885304134645,100,1928,1974,1952,1952.53921568627,100,8,5,20,74,24,40.8,26.0230666909187,138,66,55,1,28,11,12.4181818181818,6.08182145319576,1,4,1,1.42600896860987,31.5417256011315,204,0.7,7.4,5.8,4.82352941176471,2.44438338686627,2,16,2,2.79066478076379,0.0246913580246914,6.63333333333333,0.181818181818182,0.349363507779349,0.00653306409190409,1,0.236661384046487,0.410411954085783
net_cz_po2002,East,Lower,200,CZ_PO,2002,2006,5,0,stable,CSSD;KDU;US,214,1326,0.0290904304330657,392,390,4444,4442,1,100,7,11.3367346938776,1.82242990654206,18.8971962616822,86,214,86,34,95,0,6,0,13,5,4.15420560747664,-0.13921608975492,100,1929,1981,1954,1954.30373831776,100,14,5,1,71,44,42.8,27.9857106395389,105,109,71,4,29,11,12.5352112676056,6.11515911699417,1,4,1,1.5780487804878,30.920060331825,214,0.7,7.4,3,4.31495327102804,2.56144412533161,2,34,2,3.04977375565611,0.0202020202020202,11.5690476190476,0.17037037037037,0.294117647058824,0.00907833304513228,1,0.357142857142857,0.494512140185434
net_cz_po2006,East,Lower,200,CZ_PO,2006,2010,5,0,mixed,NA,215,1760,0.0382525537926538,424,424,5576,5576,2,67,7,13.1509433962264,1.97209302325581,23.953488372093,88,213,86,38,99,0,6,0,18,5,4.64651162790698,-0.158658618590225,100,1929,1981,1957,1957.71162790698,100,14,5,6,84,27,43,37.7160443312922,NA,NA,72,5,26,10,12.2222222222222,5.96048542834147,1,5,1,1.49500998003992,28.4659090909091,215,0.7,7.4,3,4.65627906976744,2.46861516975319,2,18,2,2.92613636363636,0.0303030303030303,6.7342803030303,0.0978494623655914,0.240909090909091,0.0040196646868803,1,0.285714285714286,0.444234220282648
net_cz_po2010,East,Lower,200,CZ_PO,2010,2013,4,0,stable,ODS;TOP09;VV,209,1549,0.0356321310268679,362,362,5672,5672,2,81,8,15.6685082872928,1.73205741626794,25.3301435406699,89,209,89,44,112,0,8,0,23,0,4.54066985645933,-0.277969810492482,100,1937,1986,1962,1961.92822966507,100,14,5,22,64,42,41.8,18.088670487352,119,90,67,3,38,11,13.8955223880597,7.88964478279812,1,5,1,1.428,32.2788896061975,209,0.7,7.4,6,5.07177033492823,2.51570398942025,2,22,2,3.4176888315042,0.0253164556962025,4,0.1,0.23369916074887,0.0254237288135593,1,1,0.682612846467211
net_cz_po2013,East,Lower,200,CZ_PO,2013,2017,3,1,stable,CSSD;ANO2011;KDU,204,1256,0.0303293731285618,118,118,1953,1953,2,95,13,16.5508474576271,0.57843137254902,8.97549019607843,58,204,58,42,120,0,9,0,27,0,3.77450980392157,-0.139447881686544,100,1937,1986,1963,1962.82843137255,100,14,7,14,51,27,29.1428571428571,15.5716470058947,114,90,67,2,30,10,12.1940298507463,6.56953207588373,1,4,1,1.33125,25.4777070063694,204,0.7,7.4,6,4.76911764705882,2.42037272826448,1,7,1,1.4578025477707,0.0106382978723404,2.25,0.03125,0.0939490445859873,0.00689678150196575,1,1,0.756959120011154
net_cz_se1996,East,Upper,81,CZ_SE,1996,1998,3,0,stable,ODS;KDU;ODA,49,58,0.0246598639455782,12,12,77,77,4,12,6,6.41666666666667,0.244897959183673,1.3265306122449,10,45,6,5,NA,0,1,0,0,0,0,NA,0,NA,NA,NA,NA,100,38,5,1,23,7,9.8,9.1214034007931,33,16,13,1,11,5,4.92307692307692,3.61620285339789,1,3,1,1.20689655172414,50,48,3,7.4,7.1,5.77291666666667,1.96520147668671,1,2,1,1.12068965517241,0.0909090909090909,0.583333333333333,0.166666666666667,0.206896551724138,0.428571428571429,1,1,0.972906403940887
net_cz_se1998,East,Upper,81,CZ_SE,1998,2002,5,0,stable,CSSD;ODS,73,151,0.0287290715372907,18,18,183,183,4,24,8,10.1666666666667,0.246575342465753,2.26027397260274,13,72,12,9,30,0,2,0,2,2,1.17808219178082,NA,0,NA,NA,NA,NA,100,54,7,2,25,8,10.4285714285714,7.63450812336422,33,40,31,1,6,3,3.2258064516129,1.40735395735768,1,2,1,1.09090909090909,7.28476821192053,73,0.7,7.4,7.1,6.28630136986301,1.64336334222881,1,3,1,1.09271523178808,0.0434782608695652,0.633333333333333,0.0909090909090909,0.119205298013245,0.136363636363636,1,1,0.787028911265503
net_cz_se2002,East,Upper,81,CZ_SE,2002,2006,5,0,stable,CSSD;KDU;US,74,177,0.0327656423546835,22,20,237,235,1,31,8,10.7727272727273,0.27027027027027,2.90540540540541,12,71,9,10,37,4,4,0,6,1,2,NA,0,NA,NA,NA,NA,100,53,11,1,36,4,6.72727272727273,10.0507801596782,17,57,44,1,6,2,2.43181818181818,1.4042746579678,1,2,1,1.16666666666667,6.77966101694915,69,3,7.4,7.4,6.74202898550725,1.069690141652,1,4,1,1.21468926553672,0.0333333333333333,0.535714285714286,0.0555555555555556,0.112994350282486,0.16,1,1,0.789130571249215
net_cz_se2006,East,Upper,81,CZ_SE,2006,2010,5,0,mixed,NA,66,103,0.024009324009324,50,25,192,167,1,19,1.5,3.84,0.378787878787879,2.15151515151515,14,63,11,10,22,3,6,0,10,2,3.21212121212121,NA,0,NA,NA,NA,NA,100,51,10,1,36,3,6.6,10.7723926982098,NA,NA,44,1,6,2,2.36363636363636,1.29562607818031,1,2,1,1.125,7.76699029126214,62,0.7,7.4,7.4,5.99516129032258,2.06202410659573,1,5,1,1.37864077669903,0.0555555555555556,1.25,0.198412698412698,0.242718446601942,0.0567206863679695,1,0.363636363636364,0.524341936010932
net_cz_se2010,East,Upper,81,CZ_SE,2010,2013,4,0,stable,ODS;TOP09;VV,80,233,0.0368670886075949,39,31,290,282,1,40,4,7.43589743589744,0.3875,3.1375,20,80,20,15,21,4,8,0,14,2,3.7,NA,0,NA,NA,NA,NA,100,61,7,1,42,4,11.4285714285714,15.725320800725,25,55,43,1,7,3,2.81395348837209,1.51588122969679,1,2,1,1.16666666666667,5.15021459227468,75,0.7,7.4,3,4.62933333333333,2.15141520571632,1,3,1,1.07725321888412,0.0256410256410256,1.59090909090909,0.0625,0.133047210300429,0.0571428571428571,1,1,0.688260428338865
net_cz_se2013,East,Upper,81,CZ_SE,2013,2017,3,1,stable,CSSD;ANO2011;KDU,85,196,0.0274509803921569,37,29,345,337,1,39,6,9.32432432432432,0.341176470588235,3.61176470588235,13,85,13,16,29,8,11,0,16,2,3.34117647058824,NA,0,NA,NA,NA,NA,100,57,11,1,49,2,7.72727272727273,14.0931962953115,56,29,52,1,7,2,2.5,1.43486010795888,1,1,1,1,3.06122448979592,74,0.7,7.4,3,4.02432432432432,1.83555529359335,1,7,1,1.56632653061224,0.0263157894736842,1.12896825396825,0.0679824561403509,0.147783251231527,0.0613885505481121,1,0.539023704675349,0.604389719765396
net_dk2004,North,Unicameral,179,DK,2001,2004,4,1,stable,V;KFP,108,365,0.0315853236413984,475,203,1135,863,1,12,1,2.38947368421053,1.87962962962963,6.11111111111111,58,104,54,41,31,3,8,1,8,4,4.91666666666667,-0.348605725487554,100,1936,1980,1955,1956.87962962963,100,20,9,1,48,6,12,14.8660687473185,6,102,44,1,11,4,5,2.8366373804043,1,3,1,1.23076923076923,10.6849315068493,105,0.9,9,3.8,4.82761904761905,2.40690094544253,1,14,1,1.80821917808219,0.0909090909090909,8.2,0.253968253968254,0.556164383561644,0.0350877192982456,1,0.5,0.569853065720774
net_dk2005,North,Unicameral,179,DK,2005,2007,3,0,stable,V;KFP;DFP,120,582,0.0407563025210084,677,329,1863,1515,1,11,1,2.75184638109306,2.74166666666667,9.88333333333333,76,114,70,46,6,4,9,0,9,5,5.33333333333333,-0.367226128681533,100,1936,1983,1956,1957.475,100,22,11,1,53,4,10.9090909090909,15.5592708405924,27,93,44,1,11,4,5.25,2.97372212148579,1,3,1,1.296875,10.9965635738832,116,0.9,9,3.8,4.74396551724138,2.4052944786939,1,20,1,2.03780068728522,0.1,8.15833333333333,0.333333333333333,0.565292096219931,0.0103172556100077,1,0.371710526315789,0.493953593853857
net_dk2007,North,Unicameral,179,DK,2007,2011,5,0,mixed,NA,140,1039,0.0533915724563207,1485,736,4466,3717,1,14,1,3.00740740740741,5.35,21.2,108,137,105,54,44,4,13,0,15,4,5.14285714285714,-0.470688801479184,100,1937,1985,1963.5,1961.89285714286,100,28,12,1,52,4.5,11.6666666666667,15.66892311281,NA,NA,47,1,16,6,5.93617021276596,3.74400538437432,1,4,1,1.55752212389381,10.8758421559192,136,0.9,9,3.8,4.75441176470588,2.55475932466674,1,75,1,2.85659287776708,0.0909090909090909,29.2333333333333,0.333333333333333,0.706400120572402,0.00496031746031746,1,0.25,0.403307522603114
net_dk2011,North,Unicameral,179,DK,2011,2015,5,0,stable,SD;RV;SFP;E;JF;IA;S,124,627,0.0411093627065303,1273,509,3137,2373,1,18,1,2.46425765907306,4.14516129032258,14.991935483871,90,116,82,47,48,1,9,1,12,2,4.33064516129032,-0.381324580239547,100,1942,1986,1966.5,1965.66129032258,100,28,13,1,35,4,9.53846153846154,10.7285863049408,44,80,49,1,13,6,6,4.04145188432738,1,4,1,1.46575342465753,11.6427432216906,123,0.9,9,7.2,5.62357723577236,2.93671170241209,1,38,1,2.96491228070175,0.0833333333333333,8.25238095238095,0.375,0.810788760915414,0.0141877512414282,1,0.363636363636364,0.452469310889561
net_dk2015,North,Unicameral,179,DK,2015,2019,1,1,single,V,62,121,0.0319936541512427,122,46,337,261,1,14,1,2.76229508196721,0.758064516129032,3.45161290322581,21,57,16,23,2,6,8,1,12,4,4.45161290322581,-0.246093667155361,100,1943,1993,1973,1971.12903225806,100,19,8,1,23,5,7.75,7.74135462490716,0,62,32,1,6,2,2.53125,1.26960433257386,1,2,1,1.28571428571429,5.78512396694215,56,0.9,9,6,5.29464285714286,3.60501769723848,1,11,1,1.76859504132231,0.111111111111111,2.69444444444444,0.2,0.378099173553719,0.0307692307692308,1,1,0.718938016697912
net_ee2007,East,Unicameral,101,EE,2007,2011,5,0,mixed,NA,99,159,0.0163883735312307,126,18,301,193,1,66,1,2.38888888888889,NA,1.74747474747475,9,97,7,21,44,0,5,0,16,4,3.67676767676768,-0.329123822463772,100,1937,1985,1960,1959.88888888889,100,12,6,6,30,14.5,16.5,10.4067285925982,NA,NA,14,6,19,12.5,12.6428571428571,4.18067243132274,1,1,1,1,11.3207547169811,99,4,8.5,5.6,6.20505050505051,1.96387651516356,1,3,1,1.08805031446541,0.0153846153846154,2,0.0192307692307692,0.0880503144654088,0.15,1,1,0.922327044025157
net_ee2011,East,Unicameral,101,EE,2011,2015,5,0,mixed,NA,78,89,0.0148185148185148,89,9,204,124,1,40,1,2.29213483146067,NA,1.55128205128205,6,75,3,17,28,0,6,0,20,4,4.30769230769231,-0.450433406134235,100,1942,1985,1965,1964.84615384615,100,12,4,14,34,15,19.5,9.67815409397198,NA,NA,14,1,32,15.5,14.5714285714286,7.93933038945773,1,2,1,1.23076923076923,29.2134831460674,78,4,8.5,7.9,6.60384615384615,1.94952157352371,1,3,1,1.35955056179775,0.0256410256410256,0.5,0.0526680526680527,0.101123595505618,0.214866434378629,1,0.441347270615563,0.57459969463258
net_ee2015,East,Unicameral,101,EE,2015,2018,1,1,stable,RE;SDE;IRL,83,99,0.0145459888333823,39,8,134,103,1,37,1,3.43589743589744,NA,1.19277108433735,8,81,6,22,32,0,7,0,24,4,5.63855421686747,-0.060708270833359,100,1938,1987,1965,1965.6265060241,100,12,6,3,27,11,13.8333333333333,10.2453241367302,45,38,15,5,10,8,7.66666666666667,1.58865022072498,1,1,1,1,15.1515151515152,83,4,8.5,7.4,6,1.88155358744816,1,1,1,1,0.027027027027027,0.25,0.0434782608695652,0.0808080808080808,1,1,1,1
net_fi1999,North,Unicameral,200,FI,1999,2002,4,0,mixed,NA,190,5968,0.166193260930103,547,401,13271,13125,1,203,10,24.2614259597806,2.11052631578947,44.9526315789474,127,189,126,73,59,0,21,0,25,5,6.56315789473684,-0.377863130179702,100,1925,1975,1949,1951.7,100,15,8,1,50,15.5,23.75,19.1516504324226,NA,NA,51,1,108,15,30.843137254902,31.3090226925208,1,10,3,2.96474416922799,92.6776139410188,190,2.2,7.2,5.8,5.23578947368421,1.72254983813594,1,11,1,1.4311327077748,0.00694444444444444,2.45138888888889,0.0238095238095238,0.0599601204936325,0,1,0.184736039503304,0.403755110654487
net_fi2003,North,Unicameral,200,FI,2003,2006,4,0,stable,KESK;SD;R,194,5002,0.13359329095668,663,528,12841,12706,1,225,10,19.36802413273,2.72164948453608,48,121,194,121,77,57,0,22,0,29,5,7.51030927835052,-0.422631413182145,100,1935,1977,1953,1955.00515463918,100,15,9,1,50,15,21.5555555555556,20.0880008407451,106,88,54,1,111,13,30.1851851851852,32.4654092111601,1,10,3,2.89093214965124,94.5821671331467,194,2.2,7.2,5.8,5.15257731958763,1.7187230338387,1,18,1,1.86165533786485,0.00564971751412429,4.5,0.0256410256410256,0.094531631350581,0,1,0.176744186046512,0.397043444086775
net_fi2007,North,Unicameral,200,FI,2007,2010,4,0,stable,KESK;KOK;VIHR;R,191,3032,0.0835491871038854,545,414,8728,8597,1,179,9,16.0146788990826,2.16753926701571,31.8586387434555,91,190,90,80,64,0,24,0,33,5,7.81151832460733,-0.514483346570955,100,1937,1982,1957,1957.96335078534,100,15,9,2,47,14,21.2222222222222,18.7868157079491,112,79,53,1,109,12,29.811320754717,31.5735140973068,1,10,2,2.80207216863165,92.3153034300792,191,2.2,7.2,5.8,5.19371727748691,1.72838905941339,1,26,1,2.00692612137203,0.00719424460431655,6.11025641025641,0.03125,0.11805300037236,0,1,0.5,0.549493750178623
net_fi2011,North,Unicameral,200,FI,2011,2014,4,1,mixed,NA,202,4477,0.110265504162357,335,276,11818,11759,1,206,25,35.2776119402985,1.36633663366337,40.5148514851485,98,200,96,95,80,0,26,0,37,5,7.22277227722772,-0.447980319442576,100,1933,1986,1963,1962.58415841584,100,15,10,1,44,11.5,20.2,17.7375934732483,NA,NA,51,1,94,15,28.5490196078431,29.0015956288548,1,10,2,2.42827687776141,75.8320303774849,201,2.2,7.2,5.8,5.48457711442786,1.65837599635114,1,48,1,1.82800982800983,0.00671140939597315,3.25,0.0188129305776365,0.0573847989268024,0,1,0.853237999130931,0.605219212246024
net_fr_an1986,West,Lower,577,FR_AN,1986,1988,3,0,stable,DRO;CEN,325,4185,0.0397435897435897,590,192,7052,6654,1,174,1,11.9525423728814,0.584615384615385,19.5353846153846,96,322,93,9,152,6,29,0,34,4,6.72307692307692,-0.591506637344828,100,1902,1957,1933,1933.29230769231,100,104,6,1,137,35,54.1666666666667,56.5346501418968,248,77,NA,NA,NA,NA,NA,NA,NA,NA,NA,NA,NA,319,1.4,9.7,7.5,6.72257053291536,1.68774485031295,1,12,1,1.51708482676225,0.00578034682080925,2,0.0212765957446809,0.0453230202094302,0.00343289598585231,1,0.57499949791058,0.571074150289428
net_fr_an1988,West,Lower,577,FR_AN,1988,1993,6,0,mixed,NA,306,7098,0.0760527161684346,965,336,13245,12616,1,153,1,13.7253886010363,1.08169934640523,38.9967320261438,125,298,117,18,84,15,33,0,37,5.5,8.03921568627451,-0.625033750717647,100,1902,1957,1937,1935.78104575163,100,90,5,15,122,29,61.2,52.6136864323343,NA,NA,NA,NA,NA,NA,NA,NA,NA,NA,NA,NA,NA,291,1.4,7.5,6.1,5.99415807560137,1.88643073730526,1,16,1,1.68117779656241,0.00657894736842105,3,0.025,0.0465848905981075,0.00409836065573771,1,0.387842465753425,0.492627893797335
net_fr_an1997,West,Lower,577,FR_AN,1997,2002,6,0,stable,SOC;COM;RAD,561,10147,0.032298828622358,1115,524,18393,17802,1,232,1,16.4959641255605,0.919786096256685,30.4848484848485,180,559,178,60,211,5,35,0,42,4,7.23707664884135,-0.499454230569999,100,1911,1969,1945,1944.45811051693,100,104,6,5,238,73.5,93.5,87.8014806253289,304,257,9,2,46,22,22.7777777777778,13.7729606274194,1,2,1,1.04761904761905,0.413915442988075,556,1.4,7.5,4.1,4.80377697841727,2.00851433972338,1,16,1,1.68542426332906,0.00432900432900433,2.94139344262295,0.0232558139534884,0.0507838550085123,0.0021602727655799,1,0.300847240051348,0.43542156102587
net_fr_an2002,West,Lower,577,FR_AN,2002,2007,6,0,stable,DRO;CEN,594,33299,0.0945344393911004,1473,857,58281,57665,1,300,5,39.5661914460285,1.44276094276094,95.5218855218855,287,594,287,77,227,20,35,0,43,5,7.36026936026936,-0.460991825146501,100,1921,1975,1948,1948.29292929293,100,105,5,20,384,29,118.8,156.104772508722,413,181,15,4,49,8,15.1333333333333,13.1685049952348,1,3,1,1.03778337531486,1.19222799483468,574,1.4,7.5,7.5,6.14790940766551,2.06087651902843,1,23,1,1.70395507372594,0.00334448160535117,6,0.0126582278481013,0.0257153840627896,0.0022708276221661,1,0.367567567567568,0.474144223951236
net_fr_an2007,West,Lower,577,FR_AN,2007,2012,6,0,stable,DRO;CEN,599,18618,0.0519762592056996,1811,1219,56062,55470,1,228,17,30.9563776918829,1.51585976627713,48.559265442404,283,597,281,111,171,7,37,0,49,5,8.54924874791319,-0.471038699434405,100,1929,1978,1951,1951.95158597663,100,105,5,7,341,25,119.8,147.1179798665,366,233,11,9,52,39,33.4545454545455,13.7649092722301,1,2,1,1.02114427860697,4.31840154689011,592,1.4,7.5,7.5,5.72635135135135,2.1823352178909,1,29,1,1.56230529595016,0.00543478260869565,7.53799019607843,0.0227272727272727,0.0485200186247082,0.00399443780812452,1,0.23943661971831,0.416583949262074
net_fr_an2012,West,Lower,577,FR_AN,2012,2017,4,1,mixed,NA,576,13705,0.0413798309178744,1240,833,35004,34597,1,310,14.5,28.2290322580645,1.41145833333333,50.4722222222222,207,576,207,156,220,7,36,0,41,5,7.89930555555556,-0.518353915862123,100,1936,1989,1956.5,1957.36284722222,100,105,7,7,297,18,82.2857142857143,116.805699469553,NA,NA,14,1,71,65.5,51.6428571428571,24.16484141143,1,2,1,1.02549019607843,14.8850784385261,569,1.4,7.5,3.2,4.80755711775044,2.08957738179181,1,30,1,2.12126960963152,0.0053475935828877,4.72063492063492,0.0285714285714286,0.0592979563039655,0.00222222343595345,1,0.308326811513186,0.424025293489659
net_fr_se1986,West,Upper,348,FR_SE,1986,1988,3,0,stable,DRO;CEN,257,708,0.010761186770428,194,129,1624,1559,1,55,4.5,8.37113402061856,0.501945525291829,5.32295719844358,59,247,49,6,46,3,22,0,27,6,8.08171206225681,-0.445958486164377,100,1905,1951,1925,1925.47859922179,100,101,6,3,97,36,42.8333333333333,35.0794336708372,164,93,16,1,65,2,18.5625,23.9915783835356,1,1,1,1,23.0225988700565,254,1.4,7.5,6.1,5.39566929133858,1.8934307447227,1,12,1,1.93220338983051,0.0208333333333333,2,0.0909090909090909,0.17998385794996,0.0498785425101215,1,1,0.683662207568487
net_fr_se1988,West,Upper,348,FR_SE,1988,1993,6,0,mixed,NA,375,2411,0.0171907308377897,486,308,5255,5077,1,91,4,10.8127572016461,0.810666666666667,12.352,102,373,100,17,96,9,24,0,29,5,7.488,-0.518629062017713,100,1898,1957,1926,1927.68266666667,100,107,6,9,136,52,62.5,50.9539007338987,NA,NA,24,1,89,2,17.4583333333333,28.8609547684225,1,1,1,1,23.2683533803401,366,1.4,7.5,6.1,5.60027322404372,1.94541256861633,1,26,1,1.92119452509332,0.0111111111111111,7.34444444444444,0.037037037037037,0.125452506008214,0.00130543970085517,1,0.75,0.593503961049023
net_fr_se1993,West,Upper,348,FR_SE,1993,1997,5,0,stable,DRO;CEN,393,2768,0.0179674923404476,593,315,6819,6541,1,204,2,11.4991568296796,0.78117048346056,15.1933842239186,107,392,106,23,124,11,26,0,34,7,8.0381679389313,-0.540050413013408,100,1904,1957,1930,1931.51908396947,100,107,6,11,158,54.5,65.5,56.0026785073714,250,143,40,1,87,2,10.975,22.0052295649268,1,2,1,1.00358422939068,20.1589595375723,382,1.4,7.5,6.1,5.63455497382199,2.00275654809395,1,25,1,2.15715317919075,0.00492610837438424,3,0.0469556243550052,0.110343768972857,0.00293504276454213,1,0.385416666666667,0.505814949132344
net_fr_se1997,West,Upper,348,FR_SE,1997,2002,6,0,stable,SOC;COM;RAD,429,5554,0.0302485676317452,685,415,10338,10068,1,213,4,15.0919708029197,0.951048951048951,21.6386946386946,145,429,145,35,121,13,29,0,32,5,7.62237762237762,-0.593208745015103,100,1911,1963,1937,1936.40559440559,100,106,7,1,190,30,61.2857142857143,66.2915637813095,159,270,53,1,77,2,8.58490566037736,18.1515351779912,1,2,1,1.00472440944882,11.433201296363,416,1.4,7.5,6.1,5.55264423076923,2.13106517364629,1,19,1,1.67140799423839,0.00471698113207547,3.12462462462462,0.0264561115668581,0.0728132184718049,0.00432484382508409,1,0.455220800660338,0.528680561227845
net_fr_se2002,West,Upper,348,FR_SE,2002,2007,6,0,stable,DRO;CEN,404,3690,0.022664177087684,635,287,7491,7143,1,170,1,11.7968503937008,0.663366336633663,14.0965346534653,112,403,111,66,151,7,31,0,36,4,7.40841584158416,-0.541217147832809,100,1917,1968,1942,1941.49504950495,100,106,7,2,198,30,57.7142857142857,70.1206443346377,239,165,62,1,61,2,6.20967741935484,11.6677179652744,1,2,1,1.01094890510949,7.42547425474255,397,1.4,7.5,6.1,5.5624685138539,2.19429401272571,1,27,1,1.54336043360434,0.01,4.33333333333333,0.0256410256410256,0.0720076305498357,0.00613496932515337,1,1,0.624082843353426
net_fr_se2007,West,Upper,348,FR_SE,2007,2012,6,0,stable,DRO;CEN,496,7868,0.0320462691430433,917,543,15087,14713,1,177,5,16.4525627044711,1.07459677419355,27.4173387096774,191,496,191,110,186,7,29,0,34,3,6.65524193548387,-0.54822797140032,100,1917,1976,1947,1946.74596774194,100,108,7,7,203,34,70.8571428571429,80.1216337232098,251,245,67,1,39,2,4.7910447761194,7.60091165471703,1,2,1,1.01176470588235,2.16065073716319,489,1.4,7.5,6.1,5.18875255623722,2.19569630235393,1,33,1,1.72839349262837,0.00568181818181818,3.98675334910146,0.0285714285714286,0.0676818148251526,0.00350950618414226,1,0.524861878453039,0.552166800951341
net_fr_se2012,West,Upper,348,FR_SE,2012,2017,4,1,mixed,NA,451,6336,0.031219512195122,625,375,9838,9588,1,157,6,15.7408,0.802660753880266,19.0731707317073,174,448,171,111,192,7,28,0,35,4,6.55432372505543,-0.513796052624889,100,1925,1981,1950,1950.9889135255,100,108,7,7,181,23,64.4285714285714,72.9836902850154,NA,NA,68,1,9,1,2.16176470588235,1.80058277562295,1,1,1,1,0.110479797979798,444,1.4,7.5,6.1,5.22432432432432,2.14152605726483,1,21,1,1.35763888888889,0.00641025641025641,3,0.0263157894736842,0.0569324256707491,0.00465597516813244,1,1,0.672073546146906
net_hu1998,East,Unicameral,384,HU,1998,2002,5,0,stable,FIDESZ;FKGP;MDF,183,275,0.00825677055185252,858,192,1225,559,1,12,1,1.42773892773893,1.04918032786885,2.00546448087432,89,151,57,20,71,2,9,0,12,4,3.36065573770492,NA,0,NA,NA,NA,NA,100,21,7,2,75,21,26.1428571428571,25.287866467462,77,106,123,1,27,4,5.60975609756098,4.75572846351771,1,4,1,1.34313725490196,37.0909090909091,181,2.9,9.6,4,5.11436464088398,2.3100055939491,1,9,1,1.33454545454545,0.0909090909090909,9,0.5,0.698181818181818,0.029126213592233,1,0.416666666666667,0.539550956606633
net_hu2002,East,Unicameral,384,HU,2002,2006,5,0,stable,MSZP;SZDSZ,297,713,0.00811038311038311,968,286,2091,1409,1,43,1,2.16012396694215,0.962962962962963,3.78114478114478,114,284,101,30,98,2,12,0,16,4,4.45454545454545,NA,0,NA,NA,NA,NA,100,21,5,2,132,23,59.4,63.1411118052256,140,157,112,1,30,6,9.25892857142857,7.9454735663175,1,4,1,1.29249011857708,35.4838709677419,295,2.9,6.5,6.5,4.85118644067797,1.75454423093831,1,8,1,1.5750350631136,0.0238095238095238,4.5,0.21671826625387,0.401122019635344,0.0066006600660066,1,0.444444444444444,0.528204452194803
net_hu2006,East,Unicameral,384,HU,2006,2010,5,0,mixed,NA,267,613,0.00863112838275464,968,271,1905,1208,1,37,1,1.96797520661157,1.01498127340824,3.50936329588015,123,241,97,29,75,0,16,0,20,5,6.31835205992509,NA,0,NA,NA,NA,NA,100,21,5,8,124,23,53.4,52.5004761883166,NA,NA,71,1,33,6,9.54929577464789,7.68075281353958,1,4,1,1.28571428571429,34.257748776509,267,2.9,7.4,4,4.74644194756554,1.8505273784476,1,11,1,1.52854812398042,0.0277777777777778,5.45,0.25,0.442088091353997,0.0181818181818182,1,0.333333333333333,0.492542605924947
net_hu2010,East,Unicameral,384,HU,2010,2014,5,0,stable,FIDESZ;KDNP,378,989,0.0069400586641966,1522,516,3013,2007,1,260,1,1.9796320630749,1.36507936507937,3.94444444444444,136,375,133,34,183,13,20,0,20,4,4.85449735449735,NA,0,NA,NA,NA,NA,100,21,6,13,229,38.5,63,82.2411089419397,266,112,99,3,45,8,11.8888888888889,9.94155255079313,1,5,1,1.3710407239819,22.3458038422649,365,2.6,8.7,6.5,6.26821917808219,1.64968473716913,1,13,1,1.50758341759353,0.00386100386100386,9,0.25,0.521739130434783,0.000257620190553068,1,0.0833333333333333,0.284999023239097
net_hu2014,East,Unicameral,384,HU,2014,2018,2,1,stable,FIDESZ;KDNP,200,624,0.015678391959799,509,183,1422,1096,1,131,1,2.79371316306483,0.915,4.565,67,196,63,18,28,9,19,0,24,5,8.01,NA,0,NA,NA,NA,NA,100,21,6,5,115,20.5,33.3333333333333,41.0593066997808,132,68,36,3,45,6.5,9.02777777777778,7.886647345305,1,3,1,1.11304347826087,18.4294871794872,191,2.6,8.7,6.5,6.18900523560209,1.7416068064846,1,12,1,1.46314102564103,0.00769230769230769,7,0.0588235294117647,0.293269230769231,0.0125395899226826,1,1,0.739270803287266
net_ie_da1997,West,Lower,166,IE_DA,1997,2002,6,0,stable,FF;PD,19,12,0.0350877192982456,95,9,107,21,1,4,1,1.12631578947368,0.473684210526316,0.631578947368421,9,10,0,2,2,0,10,0,45,15,18.9473684210526,-0.614219601646137,100,1940,1963,1951,1951.31578947368,100,15,5,1,12,2,3.8,4.65832587954085,3,16,NA,NA,NA,NA,NA,NA,NA,NA,NA,NA,NA,19,1.9,6.4,6.4,5.54736842105263,1.60809356452935,1,1,1,1,0.333333333333333,1,1,0.75,1,1,1,1
net_ie_da2002,West,Lower,166,IE_DA,2002,2007,6,0,stable,FF;PD,13,13,0.0833333333333333,65,8,82,25,1,5,1,1.26153846153846,0.615384615384615,1.30769230769231,7,9,3,0,8,0,5,0,35,0,6.53846153846154,-0.662208319519098,100,1945,1968,1959,1957.76923076923,100,12,3,2,6,5,4.33333333333333,2.08166599946613,0,13,NA,NA,NA,NA,NA,NA,NA,NA,NA,NA,NA,13,1.3,6.4,2.4,2.59230769230769,1.76939798540894,1,2,1,1.30769230769231,0.25,1,0.5,0.615384615384615,1,1,1,1
net_ie_da2007,West,Lower,166,IE_DA,2007,2011,5,0,stable,FF;GP;PD,22,15,0.0324675324675325,73,9,88,24,1,5,1,1.20547945205479,0.409090909090909,0.681818181818182,9,14,1,3,3,3,7,0,35,10,13.6363636363636,-0.390989831613291,86.3636363636364,1941,1973,1953,1953,100,15,4,3,11,4,5.5,3.69684550213647,0,22,NA,NA,NA,NA,NA,NA,NA,NA,NA,NA,NA,19,1.3,6.4,6.4,4.73684210526316,2.14533357321207,1,1,1,1,0.25,1,0.5,0.6,1,1,1,1
net_ie_da2011,West,Lower,166,IE_DA,2011,2016,5,1,stable,FG;LAB,32,34,0.0342741935483871,248,12,283,47,1,12,1,1.14112903225806,0.375,1.09375,10,28,6,6,19,15,4,0,15,0,3.59375,0.0677975214668751,43.75,1949,1980,1955,1959.07142857143,100,25,7,1,15,2,4.57142857142857,5.41162769282166,1,31,NA,NA,NA,NA,NA,NA,NA,NA,NA,NA,NA,17,1.3,6.4,1.3,2.78235294117647,2.36807814855149,1,2,1,1.02941176470588,0.0909090909090909,1.5,0.25,0.352941176470588,0.25,1,1,0.906862745098039
net_ie_se1997,West,Upper,60,IE_SE,1997,2002,6,0,stable,FF;PD,15,19,0.0904761904761905,14,11,37,34,1,4,3,2.64285714285714,0.733333333333333,1.53333333333333,7,13,5,4,4,4,6,0,30,10,9.66666666666667,-0.203249145856433,100,1936,1963,1944,1946.26666666667,100,7,4,2,5,4,3.75,1.25830573921179,2,13,NA,NA,NA,NA,NA,NA,NA,NA,NA,NA,NA,11,3.6,6.4,6.1,5.07272727272727,1.41427784334685,1,2,1,1.21052631578947,0.333333333333333,1.5,0.5,0.578947368421053,0.25,1,1,0.731578947368421
net_ie_se2002,West,Upper,60,IE_SE,2002,2007,6,0,stable,FF;PD,13,11,0.0705128205128205,16,5,27,16,1,4,1,1.6875,0.384615384615385,0.846153846153846,5,10,2,1,5,4,4,0,20,5,6.92307692307692,-0.380372447108669,100,1936,1969,1945,1947.92307692308,100,7,3,3,6,4,4.33333333333333,1.52752523165195,3,10,NA,NA,NA,NA,NA,NA,NA,NA,NA,NA,NA,9,6.4,8,6.4,6.93333333333333,0.8,1,1,1,1,0.333333333333333,0.5,0.5,0.454545454545455,1,1,1,1
net_ie_se2007,West,Upper,60,IE_SE,2007,2011,5,0,stable,FF;GP;PD,25,52,0.0866666666666667,27,18,89,80,1,6,3,3.2962962962963,0.72,2.48,13,24,12,7,12,7,7,0,40,5,8.4,-0.586892373966943,64,1936,1976,1954,1955.75,100,8,5,2,7,7,5,2.73861278752583,4,21,NA,NA,NA,NA,NA,NA,NA,NA,NA,NA,NA,18,2.4,6.4,4.85,4.83333333333333,1.58819172053517,1,3,1,1.19230769230769,0.2,1.2,0.25,0.346153846153846,0.166666666666667,1,1,0.824038461538461
net_ie_se2011,West,Upper,60,IE_SE,2011,2016,5,1,stable,FG;LAB,35,59,0.0495798319327731,81,43,171,133,1,5,2,2.11111111111111,1.22857142857143,2.42857142857143,21,30,16,12,18,12,6,0,30,0,6.28571428571429,-0.736802768616495,42.8571428571429,1936,1977,1955,1957.8,100,8,6,1,12,4,5.83333333333333,4.57893728573199,8,27,NA,NA,NA,NA,NA,NA,NA,NA,NA,NA,NA,23,1.3,6.4,6.1,5.22608695652174,1.79449091066478,1,7,1,1.44067796610169,0.333333333333333,3.08333333333333,0.5,0.686440677966102,0.122448979591837,1,0.666666666666667,0.710423152311772
net_il2009,Asia,Unicameral,120,IL,2009,2013,5,0,mixed,NA,99,1084,0.111729540300969,2446,1091,5608,4253,1,27,1,2.29272281275552,8.38383838383838,27.6464646464646,80,95,76,22,32,0,9,0,24,3,5.64646464646465,-0.423500111233256,100,1936,1978,1955,1956.9595959596,0,0,13,2,30,4,7.61538461538461,7.5778015890545,NA,NA,81,1,10,1,2.23456790123457,2.1288001605263,1,2,1,1.01724137931034,5.35055350553506,95,0.7,9.6,6,5.87684210526316,2.34948851978282,1,29,1,2.52490774907749,0.0384615384615385,6.10785734583689,0.5,0.764760147601476,0,1,0.0526682895174406,0.113014070392346
net_il2013,Asia,Unicameral,120,IL,2013,2015,3,0,mixed,NA,110,1720,0.143452877397832,1343,1060,7439,7156,1,48,4,5.53909158600149,7.85454545454545,45.3,86,107,83,25,46,0,13,0,28,4,6.11818181818182,-0.462718841937731,100,1936,1985,1959,1960.69090909091,0,0,13,3,19,7,8.46153846153846,5.07634029289121,NA,NA,80,1,31,1,2.375,4.30888102599765,1,2,1,1.00684931506849,16.9767441860465,106,0.7,8.7,6,5.78584905660377,2.26822517901407,1,38,2,2.89709302325581,0.0294117647058824,10.1428571428571,0.25,0.487209302325581,0,1,0.0701417609457856,0.176339509059071
net_il2015,Asia,Unicameral,120,IL,2015,2018,1,1,stable,LIKUD;KULANU;JH;SHAS,109,2291,0.194614339109752,1704,1478,13789,13563,1,47,7,8.09213615023474,9.95412844036697,69.5321100917431,89,105,85,31,37,0,13,0,27,2,5.68807339449541,-0.398147577641227,100,1943,1985,1960,1962.19266055046,0,0,10,5,23,7.5,10.9,6.82234889495139,45,64,80,1,17,1,2.25,2.82170610029742,1,2,1,1.00537634408602,8.11872544740288,109,1,8.7,6,5.51376146788991,2.23708093074966,1,91,2,3.30816237450895,0.0256410256410256,13.7412087912088,0.2,0.459624618070711,0,1,0.0697674418604651,0.162611911791656
net_is1995,North,Unicameral,63,IS,1995,1999,5,0,stable,S;F,73,529,0.100646879756469,364,299,1690,1625,1,18,4,4.64285714285714,4.0958904109589,18.1643835616438,53,69,49,27,33,0,18,0,30,5,5.95890410958904,-0.556479790273742,100,1930,1967,1948,1948.02739726027,100,8,3,15,32,26,24.3333333333333,8.62167810425171,41,32,19,1,8,5,4.94736842105263,2.36816112933705,1,3,1,1.26086956521739,13.0434782608696,73,4.1,7.5,5,5.4958904109589,1.53870782333789,1,17,2,2.50661625708885,0.0588235294117647,5.06666666666667,0.333333333333333,0.565217391304348,0.005735354362966,1,0.238095238095238,0.383194762212698
net_is1999,North,Unicameral,63,IS,1999,2003,5,0,stable,S;F,76,510,0.0894736842105263,335,292,1857,1814,1,17,5,5.54328358208955,3.84210526315789,20.0263157894737,47,71,42,29,33,0,17,0,23,5,5.17105263157895,-0.49886063921094,100,1930,1970,1951,1950.88157894737,100,8,5,3,27,12,15.2,10.8027774206451,39,37,14,2,15,9,9,2.74562589193458,1,4,1,1.28776978417266,27.2549019607843,76,1.2,7.5,5,5.22763157894737,2.01895013537304,1,21,2,2.9843137254902,0.0625,5.25,0.333333333333333,0.572549019607843,0.0101846163794497,1,0.272727272727273,0.40626236441197
net_is2003,North,Unicameral,63,IS,2003,2007,5,0,stable,S;F,88,624,0.0815047021943574,370,317,2255,2202,1,26,5,6.09459459459459,3.60227272727273,21.4204545454545,52,82,46,32,39,0,19,0,26,5,5.67045454545455,-0.546104949358305,100,1936,1979,1954,1956.14772727273,100,6,5,6,32,14,17.6,10.6442472725881,39,49,15,6,15,10,9.86666666666667,2.53170373652286,1,4,1,1.26315789473684,27.4038461538462,88,1.2,7.5,5,4.98977272727273,2.00470938489057,1,17,2,3.02083333333333,0.0526315789473684,6,0.25,0.50801282051282,0.00839925170303009,1,0.222222222222222,0.39982378401938
net_is2007,North,Unicameral,63,IS,2007,2009,3,0,mixed,NA,82,509,0.0766335441132189,190,170,1118,1098,1,25,5,5.88421052631579,2.07317073170732,11.3170731707317,50,76,44,35,39,0,15,0,30,4.5,6.30487804878049,-0.476347193772979,100,1939,1979,1957,1958.87804878049,100,7,5,5,28,18,16.4,9.07193474403338,NA,NA,17,2,11,6,6.47058823529412,2.85301697898084,1,3,1,1.14130434782609,18.0746561886051,82,1.2,7.5,5,4.86219512195122,2.37677238577931,1,10,1,1.82318271119843,0.0416666666666667,5.16666666666667,0.2,0.333988212180747,0.0293398533007335,1,0.364161849710983,0.500852844179215
net_is2009,North,Unicameral,63,IS,2009,2013,5,0,stable,SF;VG,85,890,0.124649859943978,413,373,2993,2953,1,31,7,7.24697336561743,4.38823529411765,30.3529411764706,63,82,60,37,46,3,11,0,32,1,4.24705882352941,-0.478123987681902,100,1942,1983,1965,1963.61176470588,100,6,6,3,24,15,14.1666666666667,9.13053485107344,43,42,23,5,16,12,11.7391304347826,3.13654980257474,1,6,2,2.04602510460251,53.7078651685393,82,1.2,7.5,4.1,4.61829268292683,2.30566281136225,1,23,2,2.89887640449438,0.0333333333333333,7.19444444444444,0.2453108875129,0.419101123595506,0.00801946890980354,1,0.29673586431809,0.437129439014196
net_is2013,North,Unicameral,63,IS,2013,2017,3,1,stable,F;S,70,546,0.11304347826087,230,206,1390,1366,1,17,6,6.04347826086957,2.94285714285714,16.5714285714286,50,66,46,32,39,0,10,0,31,1,4.68571428571429,-0.423188640422855,100,1944,1991,1966,1966.45714285714,100,6,6,6,19,10.5,11.6666666666667,4.63321342770508,34,36,11,1,12,9,7.81818181818182,3.09251295286477,1,2,1,1.125,23.4432234432234,70,1.2,7.5,5,4.91714285714286,2.13710975273571,1,11,2,2.12454212454212,0.0625,3,0.25,0.377289377289377,0.025974025974026,1,0.333333333333333,0.47182317675911
net_it_ca1983,West,Lower,630,IT_CA,1983,1987,5,0,mixed,NA,636,15377,0.0380750755212202,3428,2692,37350,36614,1,158,6,10.8955659276546,4.23270440251572,53.3364779874214,455,635,454,53,260,9,18,0,35,4,5.52358490566038,-0.499243969241339,100,1909,1957,1935,1934.57704402516,100,32,11,7,224,20,57.8181818181818,74.7219086771988,NA,NA,33,1,81,30,39.1818181818182,28.3840344047655,1,4,1,1.10347071583514,29.9798400208103,627,0.5,9.2,4.6,4.24545454545455,2.23925711717711,1,47,1,2.20602198088054,0.00636942675159236,8.70397935397935,0.0666666666666667,0.175066657995708,0.00181021855100646,1,0.0849171047310958,0.237917660266589
net_it_ca1987,West,Lower,630,IT_CA,1987,1992,6,0,mixed,NA,660,20266,0.0465949326343864,4883,3740,53930,52787,1,366,6,11.0444398935081,5.66666666666667,74.3136363636364,506,659,505,80,231,12,19,0,39,4,6.28939393939394,-0.518633225776521,100,1911,1962,1938,1937.62575757576,100,32,12,9,241,18.5,55,74.614159026774,NA,NA,42,1,97,24.5,37.3571428571429,32.1890917961663,1,7,1,1.13138200565442,29.670383894207,648,0.5,9.2,4.6,4.51296296296296,1.8779412216603,1,84,1,2.42016184742919,0.00273972602739726,16.7322879192627,0.0666666666666667,0.184545544261324,0.000467096568508424,1,0.0707077399992766,0.200806996956999
net_it_ca1992,West,Lower,630,IT_CA,1992,1994,3,0,stable,DC;PSI;PLI;PSDI,635,11658,0.0289575001862937,3018,1799,29387,28168,1,161,3,9.73724320742213,2.83307086614173,41.5228346456693,392,635,392,52,287,9,21,0,44,5,6.03622047244095,-0.523013381891868,100,1910,1966,1942,1942.58897637795,100,32,13,6,209,28,48.8461538461538,57.6495824700783,121,514,32,1,73,34,36.96875,26.8850412599346,1,3,1,1.08189977561705,22.937038943215,626,0.9,9.2,4.6,4.47843450479233,1.97463064528623,1,29,1,2.26170869788986,0.00625,11.8777777777778,0.0625,0.154304830527167,0.00303828123355546,1,0.121519364916331,0.311982462418494
net_it_ca1994,West,Lower,630,IT_CA,1994,1996,3,0,mixed,NA,632,18418,0.0461844771209051,3122,2141,34533,33552,1,161,4,11.0611787315823,3.3876582278481,49.6962025316456,480,632,480,95,452,12,17,0,46,0,1.76898734177215,-0.250301265154236,100,1910,1967,1948,1946.87816455696,100,20,10,12,163,36,63.2,52.1126983885246,NA,NA,31,1,78,58,42.0967741935484,26.2124077982288,1,3,1,1.10197869101979,24.9701379085677,620,0.9,8.1,7.1,5.73532258064516,2.2976972512265,1,30,1,1.7052883049191,0.00625,10.2547776297776,0.037037037037037,0.116228172233167,0.00109160180078624,1,0.0832875534430459,0.252641743713364
net_it_ca1996,West,Lower,630,IT_CA,1996,2001,6,0,mixed,NA,636,22300,0.0552171544594662,6489,3691,54205,51407,1,150,2,8.35336723686238,5.80345911949686,75.0251572327044,529,635,528,73,300,81,20,0,48,2,2.46383647798742,-0.251838166953439,100,1920,1969,1949,1947.97955974843,100,20,10,2,170,62,63.6,54.0209835773717,NA,NA,40,1,118,32,46.425,36.3218430431508,1,5,1,1.22072911122938,33.7040358744395,555,0.9,8.1,6.2,5.74306306306306,2.13989978880418,1,42,1,2.13973094170404,0.00671140939597315,18.7072494772177,0.0485714285714286,0.165515695067265,0.000333584183344221,1,0.042915094014735,0.161416591773342
net_it_ca2001,West,Lower,630,IT_CA,2001,2006,6,0,mixed,NA,609,25250,0.0681931120905713,5552,2827,55321,52596,1,238,2,9.96415706051873,4.64203612479475,81.7192118226601,463,607,461,70,300,53,22,0,37,3,3.84072249589491,-0.310148206947158,100,1922,1974,1951,1950.74220032841,100,20,8,13,164,67,76.125,54.4700114086379,NA,NA,39,1,89,25,35.6666666666667,30.0344831059001,1,4,1,1.10261343594677,24.7009900990099,556,0.9,8.1,7.1,5.66690647482014,2.04446564711376,1,39,1,1.9709702970297,0.00421940928270042,15.7769230769231,0.032258064516129,0.111955736750146,0.00048469042116243,1,0.0387334484308442,0.16558975020256
net_it_ca2006,West,Lower,630,IT_CA,2006,2008,3,0,stable,SINDEM;ULIVO;VERD;VERD-PDCI;PCI;PRC;RNP;IDV;UDEUR,619,14362,0.0375435899848905,3234,1820,29674,28260,1,211,2,9.1756338899196,2.94022617124394,42.7140549273021,406,619,406,108,301,16,23,0,42,5,4.55573505654281,-0.300058885880357,100,1926,1978,1954,1954.07915993538,100,21,13,6,203,19,47.6153846153846,58.0280657118296,110,509,39,1,62,21,27.2820512820513,22.8495637617562,1,3,1,1.05312246553122,17.1703105417073,603,0.9,8.1,4.9,4.72271973466003,2.49005288194361,1,30,1,1.84096922434201,0.00476190476190476,15.4303750740726,0.04,0.126723297590865,0.000456389004630207,1,0.111434587959896,0.304307750088673
net_it_ca2008,West,Lower,630,IT_CA,2008,2013,6,0,stable,FI-PDL;LN,663,25730,0.0586230308995548,5230,4007,60134,58911,1,228,3,11.497896749522,6.04374057315234,82.8084464555053,520,662,519,136,288,33,25,0,36,2,4,-0.331309502225573,100,1926,1982,1957,1957.24886877828,100,21,8,6,256,37.5,82.875,94.645862485976,325,338,38,2,81,25,35.3421052631579,30.4171682636272,1,4,1,1.07570977917981,23.4084726000777,630,2.6,7.8,7.1,5.53984126984127,2.14066167508953,1,78,1,2.13377380489701,0.00440528634361234,74.3928571428571,0.0434782608695652,0.155731814684677,0.000518729770407771,1,0.0429645542427497,0.171499709789348
net_it_ca2013,West,Lower,630,IT_CA,2013,2018,3,1,mixed,NA,655,18714,0.0436865326703551,3191,2096,36829,35734,1,318,4,11.5415230335318,3.2,51.3557251908397,459,654,458,203,428,28,18,0,21,0,2.69465648854962,-0.374862994952713,100,1939,1988,1967,1966.74351145038,100,21,10,9,314,30.5,65.5,92.0027173511739,NA,NA,32,3,97,35.5,43.34375,28.1535070582231,1,4,1,1.06255813953488,22.9774500374052,627,1.3,8.1,2.6,3.73763955342903,2.03480565067156,1,80,1,1.79747782408892,0.00315457413249211,17.8333333333333,0.037037037037037,0.11200170994977,0.0012963318609564,1,0.11577773887727,0.303002045124159
net_it_se1996,West,Upper,323,IT_SE,1996,2001,6,0,mixed,NA,333,10630,0.0961503672347046,3911,2554,29429,28072,1,125,3,7.52467399642035,7.66966966966967,76.5855855855856,285,332,284,26,169,35,15,0,30,0,2.04804804804805,-0.477913906623209,100,1907,1956,1943,1941.45945945946,100,21,11,4,106,27,30.2727272727273,29.6111158489203,NA,NA,18,3,54,45.5,38.3888888888889,17.246104040483,1,5,1,1.16417497231451,33.9793038570085,298,0.9,8.1,4.6,5.29261744966443,2.09911297475194,1,38,1,2.39915333960489,0.00806451612903226,14.5,0.0769230769230769,0.240048026310894,0.00098177373235282,1,0.0399151127895606,0.142303369920085
net_it_se2001,West,Upper,323,IT_SE,2001,2006,6,0,mixed,NA,324,13270,0.12680120781256,3071,1661,27916,26506,1,130,2,9.09019863236731,5.12654320987654,76.6574074074074,273,323,272,26,190,28,11,0,25,0,2.75617283950617,-0.335304936034887,100,1907,1963,1947,1945.75925925926,100,21,9,10,77,31,36,23.4040594769369,NA,NA,25,1,42,32,27.68,11.9503138034112,1,4,1,1.16412698412698,23.7377543330821,296,2.4,8.1,6.2,5.72195945945946,1.93219578570162,1,37,1,1.87166541070083,0.00775193798449612,17.1159090909091,0.0434782608695652,0.124952675928363,0.000564674830035392,1,0.05792255621269,0.196795344638271
net_it_se2006,West,Upper,323,IT_SE,2006,2008,3,0,stable,SINDEM;ULIVO;VERD;VERD-PDCI;PCI;PRC;RNP;IDV;UDEUR,326,5471,0.0516375648890986,1845,866,11687,10708,1,186,1,6.33441734417344,2.65644171779141,30.1901840490798,208,321,203,44,186,17,16,0,30,0,3.2760736196319,-0.321521715535498,100,1909,1966,1950,1948.49079754601,100,22,9,10,104,21,36.2222222222222,31.704801599197,37,289,21,3,38,33,29.047619047619,9.67716999166694,1,3,1,1.11392405063291,23.1036373606288,309,0.9,8.1,6.1,4.90194174757282,2.56597291423655,1,29,1,1.79893986474136,0.00540540540540541,29,0.0555555555555556,0.15828916103089,0.00158910329171396,1,0.162790697674419,0.354761719959781
net_it_se2008,West,Upper,323,IT_SE,2008,2013,6,0,stable,FI-PDL;LN,339,10151,0.0885915763383428,3201,1963,26050,24812,1,161,2,8.13808184942206,5.7905604719764,67.401179941003,262,336,259,62,177,11,15,0,21,0,2.87315634218289,-0.370939544832515,100,1909,1968,1952,1951.31268436578,100,22,7,5,154,14,48.4285714285714,60.4727408089991,180,159,23,3,54,40,34.7826086956522,15.1566262788954,1,4,1,1.1656219069614,29.8591271795882,328,2.6,7.8,7.1,5.44298780487805,2.16721743549069,1,69,1,2.25091124027189,0.00625,46.9684849750639,0.0585738539898132,0.193379962565264,0.000280143052172702,1,0.0524266633645625,0.195025193674451
net_it_se2013,West,Upper,323,IT_SE,2013,2018,3,1,mixed,NA,331,7685,0.070356129268516,1908,1183,16360,15635,1,114,3,8.57442348008386,3.57401812688822,43.6616314199396,241,328,238,95,252,20,11,0,19,0,1.67673716012085,-0.33560055717592,100,1920,1973,1959,1958.25679758308,100,22,11,1,112,17,30.0909090909091,32.7305806409069,NA,NA,22,1,50,41.5,33.8181818181818,15.0764286652609,1,4,1,1.11792452830189,24.8275862068966,311,1.3,7.8,2.6,4.74951768488746,2.27093658925743,1,49,1,1.88054651919323,0.00884955752212389,24.2833333333333,0.0588235294117647,0.153936239427456,0.00163670288442239,1,0.166666666666667,0.333914745086022
net_lt1992,East,Unicameral,141,LT,1992,1996,5,0,single,LDDP,113,142,0.0112199747155499,240,35,536,331,1,52,1,2.23333333333333,0.309734513274336,2.61946902654867,20,107,14,9,NA,2,1,1,1,1,1,NA,99.1150442477876,1920,1965,1941,1941.82142857143,100,60,11,1,68,2,10.2727272727273,20.0653477871225,68,45,NA,NA,NA,NA,NA,NA,NA,NA,NA,NA,NA,111,3.2,9.8,3.3,4.67837837837838,1.98541982761629,1,4,2,2.08450704225352,0.0196078431372549,3,0.0835691957942597,0.246478873239437,0.142857142857143,1,1,0.771475997144207
net_lt1996,East,Unicameral,141,LT,1996,2000,5,0,stable,TS-LKD;LKDP;LCS,99,165,0.0170068027210884,758,87,977,306,1,40,1,1.28891820580475,0.878787878787879,2.21212121212121,30,93,24,19,60,4,3,1,5,1,2.51515151515152,-0.355130368403592,98.989898989899,1928,1969,1949,1947.68367346939,100,47,13,1,41,2,7.61538461538461,11.1170924071784,55,44,27,5,16,8,8.77777777777778,2.84650032541085,1,3,1,1.44444444444444,21.8181818181818,95,3.2,9.8,6.2,5.9,1.84995687126266,1,11,1,1.32727272727273,0.0256410256410256,10,0.0294117647058824,0.527272727272727,0.0196078431372549,1,1,0.649373980513862
net_lt2000,East,Unicameral,141,LT,2000,2004,5,0,mixed,NA,128,330,0.0203001968503937,1245,292,1765,812,1,9,1,1.41767068273092,2.28125,4.0625,83,114,69,14,91,1,4,1,9,1,2.7734375,-0.33118175593496,96.875,1925,1974,1953.5,1952.3064516129,100,61,14,1,54,2,9.14285714285714,15.3415330838426,NA,NA,29,6,28,12,12.7586206896552,4.70300187125045,1,3,1,1.20754716981132,48.1818181818182,127,3.2,9.8,4.3,5.05748031496063,1.52578471535971,1,15,1,1.57575757575758,0.125,14.3333333333333,0.5,0.884848484848485,0.00907715582450832,1,0.235955056179775,0.37509687508819
net_lt2004,East,Unicameral,141,LT,2004,2008,5,0,mixed,NA,142,935,0.0466986315053441,1126,368,2694,1936,1,52,1,2.39253996447602,2.59154929577465,11.0422535211268,94,141,93,34,73,2,6,1,13,1,4.00704225352113,-0.194569192310914,98.5915492957746,1932,1974,1956,1954.77142857143,100,71,9,2,39,12,15.7777777777778,11.955937622974,NA,NA,31,9,42,13,14.4838709677419,6.02146697376387,1,3,1,1.20320855614973,40,140,3.2,7.8,4.3,5.16857142857143,1.75614381813369,1,18,1,1.67700534759358,0.0196078431372549,7.5,0.111111111111111,0.393582887700535,0.00422152449803435,1,0.10752688172043,0.348337017345957
net_lt2008,East,Unicameral,141,LT,2008,2012,5,0,stable,TS-LKD;TPP;LS;LICS,151,1897,0.0837527593818985,1837,729,6068,4960,1,100,1,3.30321175830158,4.82781456953642,28.0198675496689,112,151,112,28,59,5,8,1,17,5,5.70198675496689,-0.418325040401162,94.0397350993377,1936,1982,1958,1958.88028169014,100,71,12,1,46,9.5,12.5833333333333,13.2078374345299,81,70,25,9,35,14,15.4,5.25198375219624,1,3,1,1.1865671641791,35.3189246178176,146,3.2,8.7,7.4,6.06232876712329,2.01333966543356,1,53,1,2.23036373220875,0.0101010101010101,19.4444444444444,0.102345571095571,0.384290985767001,0.000495445752543563,1,0.0645161290322581,0.205802990601862
net_lt2012,East,Unicameral,141,LT,2012,2016,4,1,stable,LSDP;DP;TT;LLRA,150,2154,0.0963758389261745,1717,826,6543,5652,1,108,1,3.81071636575422,5.50666666666667,32.1733333333333,114,150,114,35,51,4,12,1,21,5.5,7.22,-0.311131921892416,79.3333333333333,1939,1987,1958,1959.38655462185,100,71,9,1,40,13,16.6666666666667,14.0712472794703,92,58,28,7,34,13,13.8928571428571,5.44561859707067,1,4,1,1.17066666666667,34.8189415041783,139,3.2,7.8,3.9,5.03093525179856,1.84861283367307,1,42,1,2.24048282265552,0.00934579439252336,29,0.120558655605385,0.38347260909935,0.000870852564660803,1,0.0723298791301626,0.212073482669419
net_no1985,North,Unicameral,169,NO,1985,1989,5,0,mixed,NA,62,77,0.0203595980962454,133,52,226,145,1,6,1,1.69924812030075,0.838709677419355,1.5,34,44,16,17,11,0,8,0,27,8,8.37096774193548,-0.455082628027898,100,1922,1951,1937,1937.33870967742,100,19,5,2,32,9,12.4,11.674759098157,NA,NA,18,1,9,2,2.72222222222222,2.32139804619735,1,2,1,1.25,5.19480519480519,62,1.6,7.9,7.9,6.26129032258065,2.04981845167391,1,4,1,1.20779220779221,0.2,2,0.5,0.675324675324675,0.11214953271028,1,1,0.733458753084921
net_no1989,North,Unicameral,169,NO,1989,1993,5,0,mixed,NA,120,170,0.0119047619047619,216,144,442,370,1,6,2,2.0462962962963,1.2,1.88333333333333,61,91,32,40,32,1,9,0,35,8,8.35,-0.511468958147246,100,1924,1968,1942,1942.675,100,19,7,1,34,19,17.1428571428571,10.1559271926721,NA,NA,17,1,21,4,5.52941176470588,5.19756730426388,1,2,1,1.27272727272727,6.47058823529412,119,1.6,8.8,5.9,5.72016806722689,2.60174582299006,1,8,1,1.32941176470588,0.2,8,0.5,0.847058823529412,0.0517241379310345,1,0.5,0.562255021174693
net_no1993,North,Unicameral,169,NO,1993,1997,5,0,stable,A,122,302,0.0204579325294676,401,225,820,644,1,6,2,2.04488778054863,1.84426229508197,3.4344262295082,69,102,49,38,38,5,8,0,28,4,7.67213114754098,-0.454377925428554,100,1923,1972,1945,1946.77868852459,100,19,10,1,32,10,12.2,11.5835131880521,11,111,16,2,16,4.5,5.625,4.44034533191583,1,2,1,1.35,6.62251655629139,116,0.4,8.8,4.7,5.47155172413793,2.32662495004479,1,8,1,1.38741721854305,0.2,6.33333333333333,0.5,0.745033112582781,0.0153846153846154,1,0.25,0.387450936790989
net_no1997,North,Unicameral,169,NO,1997,2001,5,0,mixed,NA,145,360,0.0172413793103448,417,317,1011,911,1,9,2,2.42446043165468,2.18620689655172,4.09655172413793,83,112,50,47,38,5,9,0,32,4,7.58620689655172,-0.413052230636321,100,1930,1975,1949,1950.05517241379,100,19,9,2,36,15,16.1111111111111,10.993685056027,NA,NA,17,1,26,5,6.82352941176471,6.67303617289056,1,3,1,1.47058823529412,4.72222222222222,140,1.6,8.8,5.1,5.54,2.40439645278358,1,17,1,1.65,0.125,14.8333333333333,0.5,0.880555555555556,0.0149925037481259,1,0.272727272727273,0.39305384003065
net_no2001,North,Unicameral,169,NO,2001,2005,5,0,stable,H;KRF;V;FRP,142,502,0.0250724203376286,492,409,1329,1246,1,10,2,2.70121951219512,2.88028169014085,5.8943661971831,84,121,63,52,34,3,9,0,32,8,8.30985915492958,-0.458546392968152,100,1930,1982,1953,1954.83098591549,100,19,8,3,43,14,17.75,13.6878465383399,52,90,18,1,21,3.5,5.33333333333333,5.23562457648391,1,4,1,1.29166666666667,4.7808764940239,139,1.6,8.8,3.4,4.80863309352518,2.54406048870722,1,16,1,1.66733067729084,0.111111111111111,14.5,0.5,0.814741035856574,0.0131578947368421,1,0.18,0.313262893610155
net_no2005,North,Unicameral,169,NO,2005,2009,5,0,stable,AP;SV;SP,127,534,0.0333708286464192,504,497,1752,1745,1,9,3,3.47619047619048,3.91338582677165,9.82677165354331,70,113,56,40,31,0,9,0,32,8,8.18897637795276,-0.403976230618496,100,1938,1985,1958,1959.66141732283,100,19,7,5,46,12,18.1428571428571,14.542220960919,18,109,16,1,12,4,4.3125,2.9375443259067,1,2,1,1.36363636363636,2.05992509363296,127,1.6,8.8,7.9,6.75433070866142,2.3156046180008,1,27,1,2.33707865168539,0.125,12.25,0.5,0.930711610486891,0.0075187969924812,1,0.150246305418719,0.28817496821458
net_no2009,North,Unicameral,169,NO,2009,2013,5,0,stable,AP;SV;SP,169,798,0.0281065088757396,663,653,2499,2489,1,13,4,3.76923076923077,3.86390532544379,10.8639053254438,94,152,77,63,31,0,10,0,36,8,8.82840236686391,-0.368813966333621,100,1938,1987,1961,1961.66272189349,100,19,7,8,56,17,24.1428571428571,17.7334765479358,20,149,16,1,10,2.5,3.6875,2.89179874818425,1,2,1,1.03571428571429,3.50877192982456,169,1.6,8.8,7.9,6.59704142011834,2.35542499540708,1,68,1,2.30075187969925,0.0833333333333333,67.25,0.333333333333333,0.818295739348371,0.00334075723830735,1,0.175488336624758,0.328616263489021
net_no2013,North,Unicameral,169,NO,2013,2017,3,1,stable,H;FRP;KRF;V,122,386,0.026148218398591,254,231,883,860,1,10,3,3.47637795275591,1.89344262295082,5.15573770491803,65,113,56,52,23,0,9,0,36,8,8.91803278688525,-0.388017150020027,100,1947,1991,1965,1967.22131147541,100,19,8,1,57,11,15.25,17.2854191238082,39,83,18,5,46,9,11,9.13300414463293,1,3,1,1.216,32.3834196891192,122,1.6,8.8,3.4,4.43360655737705,1.94870631618351,1,10,1,1.62953367875648,0.111111111111111,6.16666666666667,0.333333333333333,0.598445595854922,0.0131004366812227,1,0.299779735682819,0.462605952028618
net_pt1991,West,Unicameral,230,PT,1991,1995,5,0,single,PSD,238,991,0.0175690529376307,598,485,2790,2677,1,39,4,4.66555183946488,2.03781512605042,9.21008403361344,114,227,103,28,NA,0,1,0,0,0,0,NA,100,1913,1966,1948,1947.42857142857,100,22,6,1,116,18,39.6666666666667,48.281121224208,116,122,NA,NA,NA,NA,NA,NA,NA,NA,NA,NA,NA,237,1.7,8,6.3,5.10210970464135,1.58561989314621,1,31,1,2.21190716448032,0.0263157894736842,9.21507936507937,0.2,0.489404641775984,0.00630072028688734,1,0.333333333333333,0.475698167735765
net_pt1995,West,Unicameral,230,PT,1995,1999,5,0,single,PS,274,1181,0.0157883479051362,693,626,3391,3324,1,66,4,4.89321789321789,2.28467153284672,9.84671532846715,132,262,120,38,172,0,2,0,5,0,1.86131386861314,-0.199929478805282,99.2700729927007,1913,1974,1950,1951.12867647059,100,22,5,3,133,25,54.8,56.5968196986368,133,141,NA,NA,NA,NA,NA,NA,NA,NA,NA,NA,NA,274,1.7,8,4,5.03394160583942,1.5850426590505,1,41,1,2.28450465707028,0.0294117647058824,13,0.2,0.530059271803556,0.00261077670607006,1,0.285714285714286,0.404855024680528
net_pt1999,West,Unicameral,230,PT,1999,2002,4,0,single,PS,259,928,0.0138876417946185,538,490,2504,2456,1,20,4,4.6542750929368,1.89189189189189,7.59073359073359,127,249,117,49,120,0,3,0,10,5,3.74517374517375,-0.251576130351574,98.8416988416988,1927,1979,1953,1954.28515625,100,22,6,4,127,20.5,43.1666666666667,50.4278362282843,127,132,NA,NA,NA,NA,NA,NA,NA,NA,NA,NA,NA,259,1.6,8,4,4.87220077220077,1.64693730972674,1,31,1,2.11853448275862,0.0526315789473684,31,0.230968541262659,0.52801724137931,0.00529193861351208,1,0.444444444444444,0.533658325441201
net_pt2002,West,Unicameral,230,PT,2002,2005,4,0,stable,PSD;CDS-PP,254,865,0.0134605209921882,544,512,2810,2778,1,20,4,5.16544117647059,2.01574803149606,8.92125984251969,105,248,99,51,98,0,6,0,14,4,5.16929133858268,-0.367877251609033,98.4251968503937,1926,1979,1955,1955.724,100,22,6,3,122,15.5,42.3333333333333,51.2744250739749,141,113,NA,NA,NA,NA,NA,NA,NA,NA,NA,NA,NA,254,1.6,8,6.3,5.23503937007874,1.60441356383551,1,29,1,2.61965317919075,0.0526315789473684,18,0.25,0.591907514450867,0.00746268656716418,1,0.459183673469388,0.540368319418958
net_pt2005,West,Unicameral,230,PT,2005,2009,5,0,single,PS,271,1099,0.0150198168648353,909,880,6329,6300,1,20,7,6.96259625962596,3.24723247232472,20,105,267,101,69,123,0,9,0,18,4,5.37638376383764,-0.327000764959668,100,1934,1984,1958,1958.69741697417,100,22,6,4,135,17.5,45.1666666666667,52.8901377070118,135,136,32,20,41,26,28.125,6.15786934245196,1,6,1,1.63081395348837,31.3011828935396,271,1.6,8,4,4.75535055350553,1.65680386386674,1,76,1,4.93175614194722,0.0526315789473684,21,0.2,0.800727934485896,0.00769230769230769,1,0.473428954700237,0.533159655627877
net_pt2009,West,Unicameral,230,PT,2009,2011,3,0,single,PS,211,946,0.0213495824870232,624,618,7987,7981,1,20,12,12.7996794871795,2.92890995260663,34.8957345971564,74,209,72,59,80,0,12,0,23,5,6.41706161137441,-0.396112498528223,100,1939,1984,1962,1962.50236966825,100,22,6,2,79,19.5,35.1666666666667,33.8314449390898,79,132,15,32,49,39,39,4.47213595499958,1,6,1,1.4025974025974,32.5581395348837,211,1.6,8,4,4.9218009478673,1.86942786720049,1,162,2,7.78329809725159,0.0526315789473684,15,0.227083333333333,0.653276955602537,0.0215946377990296,1,0.817586070347845,0.68121732692671
net_pt2011,West,Unicameral,230,PT,2011,2015,5,0,stable,PSD;CDS-PP,259,1536,0.0229864415910928,1046,1042,9914,9910,1,20,8,9.47801147227533,4.02316602316602,34.2393822393822,96,258,95,78,95,0,17,0,26,3,6.26640926640927,-0.446962732249971,100,1934,1986,1965,1965.55984555985,100,22,6,2,105,26,43.1666666666667,42.4519336033904,137,122,11,37,44,42,41.2727272727273,2.76010539983201,1,6,1,1.21237113402062,31.5755208333333,259,1.6,8,6.3,5.14942084942085,1.84215013100046,1,68,2,5.7734375,0.0526315789473684,45,0.166666666666667,0.678385416666667,0.00456551171260651,1,0.417137489417486,0.490591923251078
net_ro_ca1996,East,Lower,412,RO_CA,1996,2000,5,0,stable,PNTCD;PNL;PD-L;PSD;UDMR,335,1043,0.00932165519706855,798,578,3571,3351,1,50,3,4.4749373433584,1.72537313432836,8.27761194029851,120,321,106,17,215,14,3,0,8,0,1.8865671641791,-0.0358913402015648,100,1912,1973,1948,1946.83880597015,100,43,11,1,85,19,30.4545454545455,28.2572597268866,262,73,30,3,36,19.5,17.8,10.6200850701184,1,3,1,1.04285714285714,26.8456375838926,304,2.6,6.7,5.5,4.97039473684211,1.23282063105508,1,18,2,2.65867689357622,0.0408163265306122,11,0.266666666666667,0.554170661553212,0.00757392812451977,1,0.285714285714286,0.491790401241041
net_ro_ca2000,East,Lower,412,RO_CA,2000,2004,5,0,mixed,NA,349,1494,0.0123011560122518,1988,1557,9463,9032,1,215,3,4.76006036217304,4.46131805157593,21.4183381088825,161,346,158,39,208,6,4,0,12,0,2.49856733524355,-0.128835948181954,99.7134670487106,1924,1977,1951,1950.86494252874,100,43,8,6,157,28.5,43.625,49.9883915095724,NA,NA,29,4,34,21,19,10.0995049383621,1,3,1,1.05912596401028,26.0374832663989,325,3.2,6.7,4.8,4.72307692307692,1.5310136671509,1,63,3,5.00334672021419,0.00934579439252336,20,0.4,1.0421686746988,0.00536912751677852,1,0.177959905321042,0.343638634749123
net_ro_ca2004,East,Lower,412,RO_CA,2004,2008,5,0,mixed,NA,356,3437,0.0271957588225985,4490,3550,25093,24153,1,101,3,5.58864142538976,9.97191011235955,57.873595505618,212,346,202,42,222,18,5,0,16,0,2.49438202247191,-0.349555187883426,100,1932,1981,1956,1957.65168539326,100,43,8,12,117,26.5,44.5,37.2903664311767,NA,NA,45,2,39,11,17.2666666666667,11.6938212123093,1,3,1,1.11410118406889,27.0293860925226,320,3.2,6.7,5.4,4.87375,1.33927821762344,1,185,3,5.99447192318883,0.01,47.3596804511278,0.375,1.03287750945592,0.00100225016465538,1,0.0875912408759124,0.250243132784163
net_ro_ca2008,East,Lower,412,RO_CA,2008,2012,5,0,mixed,NA,339,5000,0.0436368714108673,3934,2863,32248,31177,1,133,4,8.19725470259278,8.44542772861357,83.5221238938053,166,339,166,40,199,19,6,0,20,0,2.79646017699115,-0.304746334116795,100,1932,1983,1962,1961.77286135693,100,44,7,4,125,22,48.4285714285714,45.8870248285836,NA,NA,46,3,44,15.5,17.4347826086957,11.3854725640724,1,6,1,1.272157564906,22.34,302,3.2,6.1,5.4,4.86390728476821,1.17300277619877,1,176,3,5.6628,0.0161290322580645,68.1175324675325,0.1875,0.5726,0.000403319958674993,1,0.049283424178711,0.166302896200284
net_ro_ca2012,East,Lower,412,RO_CA,2012,2016,4,1,mixed,NA,414,8070,0.0471979506614731,2734,2269,39613,39148,1,227,8,14.4890270665691,5.48067632850242,89.0797101449275,187,413,186,55,219,41,7,0,24,0,3.44927536231884,-0.376045210539378,100,1927,1988,1966,1965.09420289855,100,44,10,1,155,27,41.4,45.2356791334746,NA,NA,40,4,42,18.5,19.325,12.4208003788517,1,4,1,1.07790368271955,17.4969021065675,355,1.3,6.1,3.3,4.21408450704225,1.40954131404589,1,69,3,4.56988847583643,0.00442477876106195,39.5833333333333,0.0869565217391304,0.281164807930607,0.00190572340920306,1,0.0743187448389761,0.224806134210462
net_ro_se1996,East,Upper,176,RO_SE,1996,2000,5,0,stable,PNTCD;PNL;PD-L;PSD;UDMR,109,192,0.0163098878695209,798,173,1360,735,1,18,1,1.70426065162907,1.58715596330275,5.15596330275229,43,92,26,2,70,3,3,0,8,0,2.01834862385321,-0.0895593790978575,65.1376146788991,1917,1960,1944,1942.32394366197,100,42,10,1,35,7,10.9,11.0699794238492,95,14,20,1,18,11,10.2,4.57222737381845,1,2,1,1.07936507936508,32.8125,106,2.6,6.7,5.45,4.90377358490566,1.32326612723446,2,10,2,2.92708333333333,0.117647058823529,10,0.642156862745098,0.901041666666667,0.0357142857142857,1,1,0.689105461088113
net_ro_se2000,East,Upper,176,RO_SE,2000,2004,5,0,mixed,NA,128,327,0.0201156496062992,1988,500,3369,1881,1,48,1,1.69466800804829,3.90625,10.7890625,58,116,46,10,91,5,4,0,12,0,1.8125,-0.228537758499999,96.875,1917,1964,1949,1947.20967741935,100,41,7,2,55,9,18.2857142857143,19.1024805170627,NA,NA,26,1,19,11,10.0769230769231,4.80768615384222,1,2,1,1.06944444444444,44.0366972477064,123,3.2,6.7,5.4,4.88455284552846,1.56969416047533,1,41,3,4.22324159021407,0.0256410256410256,41,0.4,1.52905198776758,0.0163934426229508,1,1,0.678968054760046
net_ro_se2004,East,Upper,176,RO_SE,2004,2008,5,0,mixed,NA,151,1454,0.0641942604856512,4490,1960,14598,12068,1,61,1,3.25122494432071,12.9801324503311,66.9403973509934,105,149,103,18,103,14,5,0,16,0,2.14569536423841,-0.266031144855965,98.6754966887417,1922,1971,1953,1952.91275167785,100,42,7,9,52,21,21.5714285714286,14.3394228481849,NA,NA,41,1,26,8,11.5853658536585,7.5132403454039,1,5,1,1.32982456140351,39.2022008253095,137,3.2,6.7,5.4,4.88978102189781,1.40860197022421,1,336,3,6.95185694635488,0.0333333333333333,84.164062734651,0.476190476190476,1.34800550206327,0.0018638153561569,1,0.0769230769230769,0.221372289103689
net_ro_se2008,East,Upper,176,RO_SE,2008,2012,5,0,mixed,NA,137,1762,0.0945684843280378,3934,1556,16087,13709,1,87,1,4.08922216573462,11.3576642335766,88.7080291970803,90,136,89,8,100,12,5,0,20,0,1.69343065693431,-0.327783102939705,100,1930,1975,1956,1957.10218978102,100,43,6,1,49,16.5,22.8333333333333,19.8233868616507,NA,NA,33,3,24,13,11.0909090909091,5.28182991705784,1,4,1,1.16,26.9580022701476,125,3.2,6.1,5.4,4.764,1.20859822828736,1,59,4,6.89727582292849,0.0232558139534884,22,0.428571428571429,0.883087400681044,0.00210632354852641,1,0.084213340462505,0.220279225868878
net_ro_se2012,East,Upper,176,RO_SE,2012,2016,4,1,mixed,NA,179,2933,0.0920532295524449,2734,1099,16617,14982,1,107,1,6.07790782735918,6.13966480446927,77.5586592178771,97,179,97,12,121,19,5,0,24,0,1.96648044692737,-0.327914456029001,100,1943,1981,1961,1962.02234636872,100,43,8,4,60,16.5,22.375,19.4417628536391,NA,NA,31,2,20,13,11.4193548387097,4.77335796233209,1,3,1,1.11111111111111,15.6495056256393,160,1.3,6.1,4.8,4.4775,1.39995282939401,1,93,3,4.73337879304466,0.00943396226415094,78.5412335412335,0.146431299792644,0.374701670644391,0.000568033021137642,1,0.062038978836954,0.185290950108677
net_se1988,North,Unicameral,349,SE,1988,1991,4,0,single,S,379,5418,0.0378188214599824,11737,8921,49621,46805,1,26,3,4.22774133083411,23.5382585751979,98.6517150395778,357,377,355,147,104,3,14,0,14,5,5.40369393139842,-0.464132262737085,100,1911,1964,1938,1938.23218997361,9.23482849604222,19,7,3,167,44,54.1428571428571,54.167728927313,167,212,16,31,48,40,38.9375,4.66860078967278,1,3,1,1.09059829059829,21.5946843853821,376,1.5,7.9,3.4,4.77154255319149,1.95832956390161,1,510,2,6.90088593576966,0.0476190476190476,76.634126984127,0.571428571428571,1.63325950535253,0,1,0.0543302778084557,0.136086183506706
net_se1991,North,Unicameral,349,SE,1991,1994,4,0,stable,M;FP;C;KD,375,5023,0.0358146167557932,9753,6250,31410,27907,1,36,2,3.22054752383882,16.664,57.2506666666667,347,372,344,124,127,7,16,0,17,6,5.82133333333333,-0.467380146784237,100,1921,1969,1940,1940.808,18.1333333333333,26,9,2,151,28,41.6666666666667,46.5215004057264,175,200,17,34,46,39,39.2941176470588,3.44174203497213,1,3,1,1.05982215036378,24.6267171013339,368,1.5,9,5.8,5.42445652173913,2.20158469759076,1,146,2,4.27413896078041,0.0285714285714286,42.7666666666667,0.5,1.2277523392395,0,1,0.0545401421939421,0.135501770454982
net_se1994,North,Unicameral,349,SE,1994,1998,5,0,single,S,398,4922,0.0311507157956027,9869,6603,36763,33497,1,23,2,3.72509879420407,16.5904522613065,67.0929648241206,378,395,375,173,164,3,19,0,20,3,5.02763819095477,-0.494061991638058,100,1927,1973,1945,1946.34170854271,41.2060301507538,29,8,3,180,27.5,49.75,58.0535467108969,180,218,17,41,57,50,50.1764705882353,5.29428104323013,1,12,1,1.1349765258216,34.6200731409996,395,1.5,7.9,3.4,4.87088607594937,2.07642996405316,1,178,2,5.42523364485981,0.0454545454545455,33.8333333333333,0.533333333333333,1.33177570093458,0,1,0.0756938603868797,0.177420178428392
net_se1998,North,Unicameral,349,SE,1998,2002,5,0,single,S,380,5825,0.040445771420636,13607,8584,50532,45509,1,24,2,3.71367678400823,22.5894736842105,96.8394736842105,366,379,365,167,130,3,21,0,24,4,5.03157894736842,-0.376418442860622,100,1918,1974,1948,1949.19736842105,67.6315789473684,29,8,3,141,31.5,47.5,45.8600355117924,141,239,18,41,54,46,45.5555555555556,3.18493184380344,1,3,1,1.17527862208713,33.8884120171674,377,1.5,7.9,3.4,4.98859416445623,2.27216093303361,1,164,2,6.31742489270386,0.0434782608695652,32.3333333333333,0.590909090909091,1.4662660944206,0,1,0.061465496798672,0.147538601366655
net_se2002,North,Unicameral,349,SE,2002,2006,5,0,single,S,395,6094,0.0391569748763092,16490,9847,51978,45335,1,30,2,3.15209217707702,24.9291139240506,89.8430379746835,374,392,371,184,150,1,23,0,26,4,4.89113924050633,-0.386536141048845,100,1930,1983,1952,1954.08607594937,95.4430379746835,29,8,1,159,33,49.375,48.4795612309235,159,236,21,30,66,54,52.0476190476191,9.2275467513104,1,5,1,1.27597672485453,39.4814571709879,394,1.5,7.9,3.4,4.91218274111675,2.05990533321022,1,93,2,5.82343288480473,0.0344827586206897,36.9373015873016,0.619047619047619,1.6158516573679,0.000594164456233422,1,0.0548961400580373,0.145826574597988
net_se2006,North,Unicameral,349,SE,2006,2010,5,0,stable,M;C;FP;KD,390,5363,0.03535033946345,14187,7381,38353,31547,1,45,2,2.70339042785649,18.925641025641,61.9641025641026,359,386,355,184,167,2,22,0,24,4,4.44358974358974,-0.309107493211865,100,1930,1983,1958,1958.75128205128,100,29,8,2,150,28,48.75,50.6634554120198,192,198,18,29,61,53,51.3888888888889,8.14673437923145,1,4,1,1.21210498125335,34.8126048853254,388,1.5,7.9,3.4,5.16675257731959,2.16334337156056,1,214,2,4.50606004102182,0.0227272727272727,31.9079365079365,0.5,1.37628193175461,0.000763604259570863,1,0.0490417684952721,0.138673872781021
net_se2010,North,Unicameral,349,SE,2010,2014,5,0,stable,M;FP;C;KD,387,4691,0.0314027125088699,14633,7439,38071,30877,1,36,2,2.60172213490057,19.2222222222222,60.5633074935401,351,382,346,174,154,1,20,0,23,4,4.48837209302326,-0.292901570985551,100,1933,1992,1963,1963.39018087855,100,29,9,1,127,27,43,43.5803854962298,185,202,16,48,65,58,57.5,4.53137212479105,1,14,1,1.30834856794637,34.9818801961202,386,1.5,8.7,5.8,5.46683937823834,2.26308348667037,1,88,2,4.99637603922405,0.03125,65.8333333333333,0.571428571428571,1.58580260072479,0.000723262853325826,1,0.0559201141226819,0.149492865773204
net_se2014,North,Unicameral,349,SE,2014,2018,2,1,stable,S;MP,368,2748,0.0203471152707025,6323,2889,14806,11372,1,49,1,2.34160999525542,7.85054347826087,23.0516304347826,331,366,329,165,132,0,24,0,37,4,5.2445652173913,-0.460263485963213,100,1933,1993,1968,1969.10869565217,100,29,8,17,117,24,46,37.8945906429928,141,227,16,37,48,45.5,45.125,2.80178514522438,1,3,1,1.15606242496999,30.3129548762737,368,1.5,8.7,5.8,5.63913043478261,2.37978345003153,1,37,2,3.08697234352256,0.0208333333333333,20.3666666666667,0.5,1.05131004366812,0.00429777436684574,1,0.142857142857143,0.291624253521276
net_sk1998,East,Unicameral,150,SK,1998,2002,5,0,stable,SDKU-DS;SDL;SMK-MKP;SOP,149,618,0.0280246689642663,359,228,1355,1224,1,19,3,3.77437325905292,1.53020134228188,6.68456375838926,71,143,65,16,98,0,2,0,4,0,1.36912751677852,-0.139765542847794,100,1929,1975,1951,1950.89932885906,37.5838926174497,8,9,1,39,14,16.5555555555556,13.1064021675583,88,61,18,10,20,13,13.9444444444444,3.03842494457093,1,2,1,1.04232804232804,30.5825242718447,149,3.2,7.3,6.5,5.63288590604027,1.62153759834318,1,14,1,1.61165048543689,0.0555555555555556,3.35,0.2,0.368932038834951,0.0225927918235611,1,0.222222222222222,0.384994410647538
net_sk2002,East,Unicameral,150,SK,2002,2006,5,0,mixed,NA,141,402,0.0203647416413374,320,192,1017,889,1,15,2,3.178125,1.36170212765957,4.9290780141844,55,133,47,16,97,0,3,0,8,0,1.87234042553191,-0.279281137015739,100,1939,1981,1955,1956.03546099291,100,8,8,1,33,17.5,17.625,9.88415037175318,NA,NA,20,10,21,15,15.3,3.2783179255607,1,3,1,1.24615384615385,32.3383084577114,141,0.5,7.3,6.5,5.55602836879433,1.98743800601702,1,14,1,1.72885572139303,0.0714285714285714,12,0.25,0.477611940298507,0.022164173197182,1,0.222222222222222,0.413452315589624
net_sk2006,East,Unicameral,150,SK,2006,2010,5,0,stable,SMER-SD;SNS;HZDS,135,338,0.0186843559977888,502,249,1078,825,1,23,1,2.14741035856574,1.84444444444444,4.25925925925926,73,122,60,17,68,0,4,0,12,0,3.25925925925926,-0.255018614135941,100,1938,1985,1957,1958,100,8,6,12,41,20,22.5,10.9316055545377,73,62,19,10,24,12,13.5789473684211,3.68654896547622,1,2,1,1.1685393258427,26.3313609467456,135,3.4,7.3,6.5,5.72,1.66356028920532,1,15,1,1.70118343195266,0.0454545454545455,9,0.5,0.736686390532544,0.0065359477124183,1,0.333333333333333,0.452028549435855
net_sk2010,East,Unicameral,150,SK,2010,2012,3,0,stable,SDKU-DS;SAS;KDH;MOST-HID,103,168,0.0159908623643632,131,99,380,348,1,23,3,2.90076335877863,0.961165048543689,2.38834951456311,43,85,25,15,43,0,5,0,16,4,3.88349514563107,-0.502535686884824,100,1946,1982,1962,1963.57281553398,100,8,6,5,35,15.5,17.1666666666667,11.2501851836611,63,40,19,4,18,9,9.36842105263158,2.7327342090496,1,2,1,1.13513513513514,22.0238095238095,103,3.4,7.4,6,5.65922330097087,1.70025585694024,1,6,1,1.46428571428571,0.0476190476190476,2.5,0.5,0.589285714285714,0.0476190476190476,1,0.666666666666667,0.64137670219603
net_sk2012,East,Unicameral,150,SK,2012,2016,4,1,single,SMER-SD,139,471,0.024554269627776,847,526,2411,2090,1,23,2,2.84651711924439,3.7841726618705,11.2374100719424,72,130,63,20,42,0,6,0,20,4,5.41007194244604,-0.312178781384946,100,1939,1985,1964,1963.56115107914,100,8,6,11,66,16,23.1666666666667,21.1604977887257,66,73,19,5,27,12,12.0526315789474,4.1829506360214,1,2,1,1.09090909090909,18.6836518046709,139,3.4,7.4,6,5.33309352517986,1.87938428435781,1,27,1,3.31634819532909,0.0476190476190476,15.6666666666667,0.5,1.11677282377919,0.00435173516563813,1,0.1875,0.358647961626625
